id,dsp_id,outlet_id,assigned_date,status
79b96acb-afd9-5d6b-a6a2-9067534a4735,c928179a-f72b-50f2-bd6c-8efebcd2d268,64375d9c-4b5c-56d7-afec-88a80e128c44,2025-10-13,active
ca3862c2-c378-5bcc-82a8-28d914200726,25c743f6-6b99-5904-8a4a-4b29b700d9e7,ebf3f030-639e-5ef4-8c63-5a827b9d67f8,2025-12-06,active
793b316c-3830-5093-b255-db01fd0efa2f,15e1ebab-b0bf-514c-8405-61b9a3993057,66d5a328-8eb1-5975-be4b-a35975328fcb,2025-10-10,active
f6139f89-0daf-5a74-adce-d2a6ba9b6214,214dee86-b858-5e86-aad7-d05cc5d8a623,b9dfddd7-6ab6-5fb8-97df-7a83266a2dbf,2025-11-15,active
ae0a105f-2180-5e77-a269-490cdbfa6a24,adf43fc2-e637-5500-8a6b-8a40e079d07c,89af9edf-f3db-5349-bcb3-f9c543399d2f,2026-06-29,active
a5c75854-6ec7-51ab-b1f8-a1f1e85d5196,ea60bf00-905e-5abc-b08e-4c17000dd149,21c5f5ce-b3d2-5d73-a06e-3d9b872b6ed4,2025-12-29,active
587fa944-f9f0-5020-8fde-dcfbd83a5715,8086f1f4-673d-5987-81b0-8f204dbfd2ab,d8a14285-5274-5cc4-95ff-7c11b6346a04,2026-03-16,active
9ff1f35a-2458-5a88-bf82-2efb974c19c9,1208ec90-8992-569c-9143-a14b6d5727e9,c374b78a-8385-5dbd-ab1e-726563b1014c,2026-07-29,active
02a586c1-3de4-56d0-8081-10f9fe34381c,492935f3-f9ee-5d56-b64a-6da8931cf13b,9cf0258b-b196-5323-8d6c-3eccbf473c3f,2026-07-22,active
bf682e15-d4af-5363-875a-db684ac14382,24c3eae6-21de-5fa7-ad75-775edd1167e0,b2ee80b3-73ea-5139-805e-52812d1d5c0b,2025-12-14,active
e1672e2c-234b-528a-a86e-a01a7c5f00c6,f81e0179-c82e-5d0d-82b4-c2bf0fde0a92,b9f302ee-4c36-582b-92c9-ed71368ecdc4,2026-06-26,active
3704a166-153f-5f6c-adc0-8d34ebf51144,7a052b5f-cf18-5b63-91b4-4c385d96d71f,43053a5a-68ac-562d-8179-906560683723,2026-05-23,active
ff403c14-7893-563e-a6f8-69d893bf3475,9cea72a7-c63b-5718-8f89-cff81ccad510,2845093a-3515-532c-90da-051c95e9baf8,2025-11-24,active
a1fef99b-0b36-5d28-989a-bae6937f2500,a0ba4c9a-ca4d-55e7-9662-8b384d306f9a,d59e6887-1c3d-5cb0-b4ad-0752bfdc39fc,2026-04-28,active
d63535dc-91fb-5510-b9f7-3bb0970c0b89,c529bf79-90d3-5602-9399-40738335c242,5cb5f68d-dbf0-5c90-9e6c-e13a3464fb8f,2025-12-31,active
0ee5e2c1-a919-5cce-a95c-b15cbfcaa848,48787cb4-04a7-5b80-8148-23b777165705,7f62d1a5-59cf-5ac5-b66e-24f5660b9686,2025-09-19,active
91f28900-f7a1-5022-a9d3-43f5fcf68dcd,dced9f60-36c3-51a3-a4cd-895dfd671dec,59e64bea-9720-5d74-82b3-275489371706,2026-08-01,active
38bd5fdf-7d2a-53c9-a758-b59cba6c37ac,7ff0bab0-c69b-54d0-86a2-99ea2da3e58c,0b27d62a-700a-5cb1-bb9d-2236759107cf,2026-07-26,active
1d9d0ce0-21d0-502c-a2b5-9a4551251ce0,229ec319-00c3-5250-afbc-759d6132ee64,9030d083-9e8b-5741-89ea-e73efe284f44,2026-08-16,active
32e81801-38b9-5278-9e0e-2502a035b3b5,374e0ccd-4366-597f-b5c3-6d60795d3480,a0950ab7-a898-57b4-b91b-7881080f21db,2025-09-14,active
dab2ae42-26ef-59ed-b122-8c6cff6edc2d,fbcd212e-451d-5600-a271-8fec64b3a9b9,1c24d5fc-99e1-5493-be8a-427bdb5b3396,2026-03-27,active
dbf67e3e-6d1e-51c2-86db-289c5c03f785,23fca699-b0f6-528a-8efe-52e28bb1b8b0,47622b2b-94cf-5a83-aaaf-ada5db27d918,2025-09-03,active
88b34879-eeb6-544f-abb9-03d219f3c7c3,54684399-5e5a-54ab-a9b2-5e8ff35f0223,1aeb76e0-3ea0-5030-9141-833d646ae88c,2025-11-18,active
66426fcb-bcda-53d4-b495-72492dbb9904,84b924df-189f-5e64-a8c8-056b56e362d0,fc7c125d-137b-528f-b061-c94c52ed635a,2026-02-16,active
be797976-e784-5105-975f-d31ce2c21d31,dfba0cf4-e584-5bcd-8343-0655db792844,e457356b-7004-5bbf-a601-22e251c8ef03,2026-03-16,active
dbe73f95-51ac-53e7-9cad-70f9c3f4254c,7c9704d9-8185-57b1-bf6a-de200c4e2109,a15fd7a2-dad1-5c57-ad76-5079b4ffa2a0,2025-11-03,active
2c171915-005c-5374-87a4-33c03f8a19c3,bcf1d1e0-afa3-56df-89af-e879b7a6a0d2,25a51d4a-e1c0-5a85-b455-e9da122a752a,2026-06-14,active
5871d9d8-6735-5ac0-87af-13ea44160c8e,b21aa617-83df-5e76-b78c-67561698ba56,02f0b9ea-ad84-56aa-9c8c-57305266ecd3,2026-08-10,active
00520ef6-9918-5970-a6de-a8addd67ddd5,1c629fb9-bb65-504f-8efa-b901acda8a1d,f54ee33a-a490-55e7-bcfe-bbd885822d51,2026-04-21,active
3dbb8d9d-7bf3-562a-98e3-1f7d8f42cd19,e06691ef-a8bb-5f87-8c9e-c3e0b896f324,a0295c91-6ad1-5337-945c-ba96a1de75ec,2025-10-22,active
fcc18db1-9a47-5fee-bb3f-b5f8af33f6e4,c928179a-f72b-50f2-bd6c-8efebcd2d268,1a07a8b5-5569-5ae0-9183-8238c7a3624c,2026-07-13,active
f415ddd6-2f67-5fa3-a7b1-6697bcd534e0,d9bae779-a771-5de7-a713-f7d02913bd5b,00ad044e-c101-5f75-83ea-3c17282f2357,2026-07-21,active
8b9b5cf1-0886-5f1c-a963-b19466094d93,60ccfd44-0502-5fa0-8d27-9cc265f1db31,6d2ea7cb-0c6c-5a84-bfcb-5400bb49905d,2026-05-17,active
8e31eec0-cdb3-5689-afa2-5e75df372c10,b2f279e6-14b4-5a5c-aadc-0b5ab2dd4e7a,0e5d1f56-5d9f-597d-8a6a-a5c2f54f9b49,2025-11-05,active
55e379e6-d286-5743-b98a-57361d28428c,1c4e1934-fdf0-56a8-938c-7c2c04e9fac2,c9d9414c-502d-5ffd-ae22-53dde1ebdd96,2025-12-29,active
20ca7652-c5ce-584b-992a-2844e30ecab5,ea60bf00-905e-5abc-b08e-4c17000dd149,db68976b-4fc7-5d61-8863-f55316a21e8d,2026-06-16,active
bc83c6c1-2fdd-526c-b98e-cbbaff733a54,1fab32d7-3f51-5470-b5b9-ea72005a2e68,8a74f660-2cf7-5258-8ce1-a062e5ca38a4,2025-10-02,active
4c52136e-f58e-5e7c-8186-6fcbcd91be5c,713b8e42-ca09-58c1-9db4-ab4f3f05fc3c,20b23860-295a-571c-8e23-0ea9420de1d1,2026-06-10,active
382bbeb2-5830-598c-a49e-4e3e20340cd5,434590a6-0601-5b3c-8768-f7537c77519e,22c2b1d8-ee67-54d2-8390-614c8f037084,2026-05-19,active
8e7effe7-8d2f-5791-a66c-8186271eb7a6,adf43fc2-e637-5500-8a6b-8a40e079d07c,82cbe6bc-80ae-5d0e-8d88-3c70fc17bf98,2025-12-26,active
41fe90c8-cda2-5a1c-b55d-240a14b579b8,f81e0179-c82e-5d0d-82b4-c2bf0fde0a92,34b0e718-ed93-5127-b156-10001b69be0a,2025-11-19,active
25d0a1e9-495e-5575-a63d-675089c73133,25c743f6-6b99-5904-8a4a-4b29b700d9e7,65bbc3be-9507-593f-a9ed-ecede0d4e42f,2026-05-03,active
045702cd-f05b-552a-aec6-83b17c06fe9b,15e1ebab-b0bf-514c-8405-61b9a3993057,9e549f5f-d393-5446-ab70-ab93a217fa40,2026-02-21,active
875a2231-f57a-5c0d-aeae-bd42ad985ee0,214dee86-b858-5e86-aad7-d05cc5d8a623,7a33f302-fa11-51fa-856d-1b51059c5adf,2026-02-17,active
28feec66-dff3-500d-8105-fbdec286d1e4,24c3eae6-21de-5fa7-ad75-775edd1167e0,622e35cf-534c-5472-84c8-30c4c81eeee1,2026-06-29,active
a4a383bb-a785-580f-a1f7-804bedcf1e4e,48787cb4-04a7-5b80-8148-23b777165705,90a9b30a-41c2-5330-9846-9c1782ca7533,2026-04-08,active
0412bc24-b5d6-500a-900f-8806fa6cff9c,8086f1f4-673d-5987-81b0-8f204dbfd2ab,ffb805d1-735a-507b-b330-e0ed0ff00214,2025-11-20,active
ccf5e0b9-be96-5d31-9713-8b2faec09847,1208ec90-8992-569c-9143-a14b6d5727e9,e83975c4-8d1a-59ef-b1c9-8b6f708a57c5,2026-03-10,active
c9637cd4-8cc7-5882-8a50-5d6eb05300b0,492935f3-f9ee-5d56-b64a-6da8931cf13b,6389de81-1a65-583d-8aad-1b61cd3d1633,2026-08-08,active
f4a4d9bc-5e11-522f-b0d4-8ee7f82dda19,c529bf79-90d3-5602-9399-40738335c242,e57c321f-fc53-5891-b40b-dcf58abda3d0,2026-06-05,active
5374a222-7f3d-5fdd-b9eb-79c3a6015555,fbcd212e-451d-5600-a271-8fec64b3a9b9,61ce7965-2288-5ad1-9f5f-360ae913ac36,2026-03-19,active
6241860f-4c7a-51b6-8257-fab9f4c35cbf,7a052b5f-cf18-5b63-91b4-4c385d96d71f,65f94da3-6b09-5542-84bf-54c20396615c,2026-03-01,active
c028bed0-f333-5a02-8d52-b60c24643a6d,9cea72a7-c63b-5718-8f89-cff81ccad510,fade118e-67de-5731-a2a0-4cf369881c71,2026-04-04,active
9d528fa6-d2d3-54b4-802c-daec9969dcc7,a0ba4c9a-ca4d-55e7-9662-8b384d306f9a,a210020c-0299-55b2-bb3f-5d321d9c87cb,2026-08-12,active
cd290af2-fbf0-5854-9a5a-b434105769e3,374e0ccd-4366-597f-b5c3-6d60795d3480,58766b11-0cfc-518c-86f6-08b0c3f7ec9d,2026-01-09,active
235b752b-87a3-578e-abcf-a197a9a43e1c,7c9704d9-8185-57b1-bf6a-de200c4e2109,64d98796-d2b6-5548-b268-f5d914bf6c33,2026-05-05,active
1a86d8ef-7df2-5360-9880-8427593602ec,dced9f60-36c3-51a3-a4cd-895dfd671dec,5e2b5bab-5781-58c8-bbc1-41a61318601e,2025-12-23,active
b48815e9-010b-50bf-8d89-2a4336892c2a,7ff0bab0-c69b-54d0-86a2-99ea2da3e58c,4a0e0a11-9486-5b78-a239-2e50e69faa3d,2025-10-02,active
ff11fa48-fdad-5624-a973-66f89bb4af78,229ec319-00c3-5250-afbc-759d6132ee64,26b3c3af-057c-5d11-bc64-b7efa03c7129,2025-11-01,active
367c2154-1ac9-568b-892e-8c40150e3373,dfba0cf4-e584-5bcd-8343-0655db792844,3885243f-13b1-50dc-afeb-8bad2dc43d4a,2026-03-04,active
1e092f5c-7dbb-55c0-be02-ccc59e9c6eee,c928179a-f72b-50f2-bd6c-8efebcd2d268,38e5549e-7e95-5b94-98d2-09edb6eee8c3,2025-09-14,active
b4b98891-0aa9-53a8-a33d-f26beec00321,23fca699-b0f6-528a-8efe-52e28bb1b8b0,8c464c73-a955-576d-9730-79fd5da4e450,2026-02-09,active
3b2489eb-d6da-58a1-a8a6-ac58ef43d29e,54684399-5e5a-54ab-a9b2-5e8ff35f0223,2e54dbf3-50dd-5a0a-a1e4-b371635781b3,2026-03-01,active
f6da2ed8-5601-5a4d-bea8-1cff9b71b51b,84b924df-189f-5e64-a8c8-056b56e362d0,494a57ee-31cb-5e3b-818c-8960bc3f745f,2025-09-14,active
0c83266b-dd41-5803-9791-3b96529e600b,e06691ef-a8bb-5f87-8c9e-c3e0b896f324,e9f20e41-fc45-5d13-afc7-d79f102a27ee,2025-09-13,active
518abd3a-a22f-5ad1-96f2-eacfbabb232f,ea60bf00-905e-5abc-b08e-4c17000dd149,5d75bd0e-343a-5fc7-a2ee-fa9ada2fbfd6,2025-10-06,active
ac0ac4a7-6d3c-5e13-a95f-ccb0968fab71,bcf1d1e0-afa3-56df-89af-e879b7a6a0d2,b74b13ca-301b-5f91-9331-c699ee006367,2026-01-11,active
49c3cd44-c1c7-5eb2-94ef-c2693c5202cf,b21aa617-83df-5e76-b78c-67561698ba56,c22bb6d9-8afc-597b-b171-1eaf1ecb5cac,2026-04-04,active
9658a0e3-f773-53c9-8403-2b479dd041f3,1c629fb9-bb65-504f-8efa-b901acda8a1d,197ce084-3189-5451-aafa-befe51e6f027,2026-01-16,active
36bf5cb0-7b01-5924-93f8-90a26f2ba42f,1c4e1934-fdf0-56a8-938c-7c2c04e9fac2,9ccdde10-07fa-5428-809e-ef951a061c25,2026-06-13,active
46828fb4-f292-58c2-b535-4948b8f85326,f81e0179-c82e-5d0d-82b4-c2bf0fde0a92,97453fb9-40fc-5846-ab3a-1680f9e15a22,2025-12-12,active
14458489-f19f-5ca7-a199-ed2e6600a6b0,d9bae779-a771-5de7-a713-f7d02913bd5b,1ceebcaa-0c54-52fd-a620-4697ab1eb0ec,2026-07-05,active
87422681-d159-5383-9fab-f4cc18cca56a,60ccfd44-0502-5fa0-8d27-9cc265f1db31,7f8ebaa2-73de-5bc3-b462-6ef73f1d60c2,2025-12-03,active
6ad7315a-bfbc-5678-a6cd-1315510572da,b2f279e6-14b4-5a5c-aadc-0b5ab2dd4e7a,a05d68b6-a09e-57eb-b93e-75ff6fd97028,2025-12-03,active
c2dedd79-40d9-53af-938a-701259604a68,adf43fc2-e637-5500-8a6b-8a40e079d07c,9d371c5a-f129-5f2c-8e70-514c2f6e27fd,2026-07-01,active
ba67b351-e263-5f37-9acc-3212f49bd8f3,48787cb4-04a7-5b80-8148-23b777165705,049b286b-bc98-5072-af5c-7624b16c23a0,2025-10-20,active
68dd2340-34c9-5b9f-8421-6ff855e03e69,1fab32d7-3f51-5470-b5b9-ea72005a2e68,517ebd4f-8181-50f8-9114-4309197e07c8,2026-07-11,active
109f92aa-060a-565f-a457-00eedf2b60b5,713b8e42-ca09-58c1-9db4-ab4f3f05fc3c,aeaf83bf-b5f4-51fb-9302-4ab9834b87ec,2026-06-25,active
d2be1ae1-d8b1-563e-b507-9507cdfd6d1a,434590a6-0601-5b3c-8768-f7537c77519e,11eb90aa-c2ce-5140-854e-7e88706cc9c6,2025-09-07,active
7563aa4f-45e2-581e-b368-845e939461ee,24c3eae6-21de-5fa7-ad75-775edd1167e0,6674b5c4-5676-5e15-a60b-247a96538cee,2026-08-05,active
6f23d3c0-2dca-5abd-9309-c4833be6d862,fbcd212e-451d-5600-a271-8fec64b3a9b9,03c210da-6332-53e2-ba4b-a3e540ef0811,2025-11-13,active
10361068-0788-59fa-b321-6c8fe840d68b,25c743f6-6b99-5904-8a4a-4b29b700d9e7,dc40709a-bb2c-5b80-a5fa-36eff78e585c,2026-01-25,active
19f0e58b-b096-53a9-b603-ace9fa10ff65,15e1ebab-b0bf-514c-8405-61b9a3993057,86b6bd00-fb39-51c8-a057-02c9ad460a8b,2025-12-01,active
d5039430-6c2a-5851-9391-0c48e454d410,214dee86-b858-5e86-aad7-d05cc5d8a623,3cd6d4dd-dfe6-57ac-97fa-80b7c17c19ff,2025-12-29,active
b5724baf-cf61-55c3-8201-2522f6bcbcd1,c529bf79-90d3-5602-9399-40738335c242,8076fa57-7ade-519b-9286-8f0c1ab37ca0,2025-11-21,active
4fb980e5-03cc-5ad4-a645-9d151780da47,7c9704d9-8185-57b1-bf6a-de200c4e2109,1fc68ae9-858e-5a2e-ade5-3501459c5fa6,2026-07-08,active
c1a14c1f-a411-5a2b-92fd-3f0259d3267a,8086f1f4-673d-5987-81b0-8f204dbfd2ab,f75db975-de2a-5d3f-bbfc-6a7a25a08c3c,2025-08-31,active
ae36c633-2618-51a0-a409-7a78e1ecf0db,1208ec90-8992-569c-9143-a14b6d5727e9,f2a79b45-bbc2-57e4-9db1-cd80bdc8c4dd,2025-09-03,active
5a535c6e-efae-5cfc-8d12-a97639b7aa52,492935f3-f9ee-5d56-b64a-6da8931cf13b,b65b3f48-4ed6-560b-93ee-3d05cf7e7fd9,2025-12-02,active
22ed9f7b-759b-57f7-b319-daccfb678b75,374e0ccd-4366-597f-b5c3-6d60795d3480,5949f644-2314-559f-a1a0-f3b0dcdd81c9,2025-11-27,active
d763a5e3-2125-5879-9b6a-188f3b5c97b4,c928179a-f72b-50f2-bd6c-8efebcd2d268,a6dbc448-70e7-5da2-91ce-e2f6c505fcaa,2026-07-19,active
2ca6031f-c930-523f-a5c2-cd390402e5f6,7a052b5f-cf18-5b63-91b4-4c385d96d71f,e397969e-b51f-5445-b386-9d4053ca0e27,2025-11-10,active
9ee87eae-596c-5917-b20e-e1ed36f523db,9cea72a7-c63b-5718-8f89-cff81ccad510,11cfc5f5-801d-5aac-bfa3-433c81f8d533,2026-03-29,active
efc8c791-2e1f-5e4c-8af3-d63a57ce4d14,a0ba4c9a-ca4d-55e7-9662-8b384d306f9a,32ed98e8-ef2a-5f24-bc15-fd72abe8c1a1,2026-07-25,active
f0d35023-89d6-5cb1-af2b-a7173c454037,dfba0cf4-e584-5bcd-8343-0655db792844,d4433849-0935-586b-93bd-85a86f99d92c,2026-05-21,active
bcb70b83-01b9-5203-8b91-395fc4b26725,ea60bf00-905e-5abc-b08e-4c17000dd149,f8ded629-7996-578f-a74a-9a65837b7f7f,2026-02-22,active
ae9eebf5-aa19-5b4f-ba51-e954784d6390,dced9f60-36c3-51a3-a4cd-895dfd671dec,4d4de468-cb98-567b-b2ce-4ed1afd3bb0c,2026-06-08,active
377459e9-2134-5610-b94a-c5d4f07a40b0,7ff0bab0-c69b-54d0-86a2-99ea2da3e58c,96bd0205-8de7-5b6e-960c-0ac3e6a47340,2026-07-04,active
a91ef2f6-6356-5961-a032-d359164362b1,229ec319-00c3-5250-afbc-759d6132ee64,ac14c3e0-6e9d-5a93-baeb-fede0efa3e80,2026-06-03,active
eb482367-0349-57a6-871b-f6400ad92ea7,e06691ef-a8bb-5f87-8c9e-c3e0b896f324,7340d2cf-294d-5438-b864-87ff6efcd726,2026-05-04,active
ab4e5428-c447-5e8e-8cef-13024c50ec9a,f81e0179-c82e-5d0d-82b4-c2bf0fde0a92,b8e8100e-6957-5617-88e2-db74634aa46c,2026-07-28,active
9dd93f13-16ce-5c63-bef3-b0e0fe96226b,23fca699-b0f6-528a-8efe-52e28bb1b8b0,8fbb576b-1a4e-5bef-9155-460d2f083b2a,2026-04-30,active
f3180454-cdfa-5318-b221-38a4ee1073ed,54684399-5e5a-54ab-a9b2-5e8ff35f0223,898a0e5b-d908-5060-b440-eb62c6d0ca9d,2026-05-30,active
22aa5ff9-1198-5e9c-bd29-c15e09088405,84b924df-189f-5e64-a8c8-056b56e362d0,db776e0b-6199-5243-8144-b29b45e62c84,2026-03-29,active
8581c575-c23c-5600-9ab1-f14d0b31733e,1c4e1934-fdf0-56a8-938c-7c2c04e9fac2,0d06dc6f-2b54-5b8b-b8fe-2793f7ab5d61,2026-03-13,active
ae76d283-03f1-5105-9d18-bf2ea37bad30,48787cb4-04a7-5b80-8148-23b777165705,75c9c753-3e28-5b1c-b3c8-0bbe0a29a265,2025-10-12,active
bd4ead84-d316-593e-b155-e72167718489,bcf1d1e0-afa3-56df-89af-e879b7a6a0d2,17e8c798-6f2b-5bba-92a1-25c607fc24c0,2026-05-20,active
21620ca4-7b70-5436-9875-f297e17a4bcc,b21aa617-83df-5e76-b78c-67561698ba56,d86636ba-be31-5766-b43b-0687892ff6cd,2026-06-12,active
ccef5a74-90d6-5b18-997a-bb93c3893a03,1c629fb9-bb65-504f-8efa-b901acda8a1d,c68cb08d-2871-5fc3-a244-3ccfff2aba31,2025-09-17,active
a7d28dbe-52f3-5021-b58f-bc3053f7b9d0,adf43fc2-e637-5500-8a6b-8a40e079d07c,96472508-05a4-5d4a-873b-67bf7e52702a,2026-07-13,active
2b60e363-672e-521d-aaf9-85e3facb63bf,fbcd212e-451d-5600-a271-8fec64b3a9b9,3b3c1920-61c4-5477-a3a7-22e3e7db7971,2026-04-21,active
904dca38-b467-56e6-8776-f604901cf960,d9bae779-a771-5de7-a713-f7d02913bd5b,98e66a0a-6d0a-5888-84ab-dcd6d48f66fb,2025-09-05,active
43f1ff04-284c-5593-9075-5f012442a31c,60ccfd44-0502-5fa0-8d27-9cc265f1db31,2c198f0c-837a-59d2-83dd-1cf8ddf69b3e,2026-07-21,active
0a09e078-2399-535e-96b0-d1cc47b81a08,b2f279e6-14b4-5a5c-aadc-0b5ab2dd4e7a,16875ba0-6a25-54e3-a9db-2b70cc51a783,2026-06-25,active
443986d4-7a62-5568-950f-feaa824507c3,24c3eae6-21de-5fa7-ad75-775edd1167e0,8631bfeb-7f17-528f-87b9-346379c9787c,2026-04-03,active
af1865cf-aa91-53dd-8275-11667733d6a3,7c9704d9-8185-57b1-bf6a-de200c4e2109,300da2f6-d4f8-5204-9c5a-761aa1569285,2026-06-28,active
2f0ce358-4c4b-5d4e-9939-6cd6503373b8,1fab32d7-3f51-5470-b5b9-ea72005a2e68,08f0ac25-f784-5630-80b7-6da94159ddd7,2025-11-30,active
5de81b71-e85c-51f8-9aa3-4f82194e9ec2,713b8e42-ca09-58c1-9db4-ab4f3f05fc3c,aa142702-c42a-5872-bb6a-5ca621de8a2a,2025-10-24,active
c683dfff-36f8-56fe-a028-fb3c096fcd5a,434590a6-0601-5b3c-8768-f7537c77519e,074330af-41e2-5e7f-b322-a53fd1c53daa,2026-03-06,active
be26d61e-013f-5bd2-863c-3e4bda78fd8e,c529bf79-90d3-5602-9399-40738335c242,9d8be696-769b-591e-89be-20b0c5158113,2026-01-21,active
5d59dba1-ae94-54ee-98c5-3362d7f909f4,c928179a-f72b-50f2-bd6c-8efebcd2d268,e3cb700e-57bc-504f-817a-82f704e71066,2025-10-12,active
e8c986e8-0943-59c3-a0a8-4589008ce96f,25c743f6-6b99-5904-8a4a-4b29b700d9e7,21c29f88-ffb4-5483-8f30-f42b412429a7,2026-03-31,active
1078d37b-eb64-524d-bc25-e705bfdf5bbc,15e1ebab-b0bf-514c-8405-61b9a3993057,13162149-fc7c-5b4a-9563-600adbd72fa5,2025-09-11,active
1f0a4b6b-5a13-573f-a565-9ba775a1057b,214dee86-b858-5e86-aad7-d05cc5d8a623,89678d5f-48fc-574c-9eab-cdf011b618fe,2026-06-21,active
a5d557ed-569c-5881-b31c-fb12273f84d7,374e0ccd-4366-597f-b5c3-6d60795d3480,8b90dfc0-677d-5c4d-be60-e8c712cad697,2026-02-19,active
c53911c3-91aa-5eae-8b0c-6cfc7cca270b,ea60bf00-905e-5abc-b08e-4c17000dd149,333d298a-71af-5e58-a5a9-432703761249,2025-09-29,active
3590f0c5-85fd-5837-b7ee-5cd1558f5a87,8086f1f4-673d-5987-81b0-8f204dbfd2ab,e6997e74-9b55-51da-92cf-ce4227fbb722,2026-08-13,active
b5316b20-355f-50e2-aaac-95733d4a3197,1208ec90-8992-569c-9143-a14b6d5727e9,206260d0-62ac-5e96-b71d-661b687cf9f7,2026-03-13,active
51ae7ff4-c246-544f-91f4-030e36991a2b,492935f3-f9ee-5d56-b64a-6da8931cf13b,b9fd3e12-e84f-5895-ab5d-2159a6382303,2025-09-11,active
abe051d2-fd9e-5222-b111-d1b62b0d68d5,dfba0cf4-e584-5bcd-8343-0655db792844,79480e02-9513-5b1f-8ee8-851a8e95692c,2025-10-27,active
0fafb755-fd3e-53f4-a0b6-78e66b0d7cc3,f81e0179-c82e-5d0d-82b4-c2bf0fde0a92,03d980bc-471c-5142-8650-f24086a96aa6,2026-02-13,active
905b28db-ee54-5ce2-83e2-c03bdde647dd,7a052b5f-cf18-5b63-91b4-4c385d96d71f,d9fdc412-aec7-5a86-add5-f0902e6375fa,2025-11-14,active
0d69e99c-7686-5493-881c-dba43ba91e53,9cea72a7-c63b-5718-8f89-cff81ccad510,a1928872-fa7b-5f96-b738-9aed6955f45b,2026-07-18,active
26480863-76e2-5136-90b2-9b5e4e0d3110,a0ba4c9a-ca4d-55e7-9662-8b384d306f9a,b9a20119-158b-5370-ad71-3f572943af79,2025-11-26,active
585790ab-d16d-5de2-8b77-4f5a11815c3b,e06691ef-a8bb-5f87-8c9e-c3e0b896f324,be0a5f04-8939-5ab3-a13a-4d517a6f2ebc,2025-12-30,active
547a3db5-504e-59a5-adae-b9619c8100a5,48787cb4-04a7-5b80-8148-23b777165705,b9412644-c39e-5e32-9d99-df26d67e3d37,2025-10-14,active
00ba9122-f3e5-5762-9ca4-38f088a019cc,dced9f60-36c3-51a3-a4cd-895dfd671dec,8cd8822e-c0bc-5720-a3b9-fd60f890d81f,2026-04-29,active
4e8bd524-b302-56c2-ad33-5c757be642d4,7ff0bab0-c69b-54d0-86a2-99ea2da3e58c,c59454a2-323f-5844-b174-5f633e24c7cb,2026-08-05,active
4cc1cd84-916f-5ec8-9fc7-947eafefd6dd,229ec319-00c3-5250-afbc-759d6132ee64,c9cd5468-5c6c-5bf3-b662-2c90351581f1,2026-02-24,active
c0a9b3f0-ade4-5616-b0c6-aeab4a33876f,1c4e1934-fdf0-56a8-938c-7c2c04e9fac2,dbf883b7-96e8-5f48-971f-1cbadca59c68,2026-05-20,active
13d412d2-74b7-5326-ac88-4e0f78391b5f,fbcd212e-451d-5600-a271-8fec64b3a9b9,97a3c21c-6620-5b80-86f4-23b182349bb1,2026-02-22,active
44062705-3c11-5fa5-9238-d99dded9d62e,23fca699-b0f6-528a-8efe-52e28bb1b8b0,732fe5fd-2dd9-5e16-9ff1-20b392cf8dcf,2026-02-12,active
3ea6f772-2363-50bc-ac5b-b3c9b30581c5,54684399-5e5a-54ab-a9b2-5e8ff35f0223,ca74b86a-f37f-597e-aeee-1808e9b38973,2025-11-15,active
2cfb51b5-ad40-5475-9bfd-3cf2177710a0,84b924df-189f-5e64-a8c8-056b56e362d0,fec70518-acb6-59cf-be4d-01d45efca0c8,2025-09-30,active
6813ec7a-fbab-5060-be5d-5f5251782835,adf43fc2-e637-5500-8a6b-8a40e079d07c,48960618-a551-5a8c-bbbb-0249881e9ac3,2026-05-13,active
11c65864-7649-5a4a-9a81-ffd037708b3b,7c9704d9-8185-57b1-bf6a-de200c4e2109,3997a8f5-6016-5810-b435-db8ec38b2c79,2026-07-03,active
bf32c179-8c3c-5af1-8b18-b3ac3ec960ee,bcf1d1e0-afa3-56df-89af-e879b7a6a0d2,c7053357-4956-5ab3-9efb-df8bd532f001,2025-10-25,active
41b76907-191e-5004-b4b4-f99363955148,b21aa617-83df-5e76-b78c-67561698ba56,ee90274c-9365-597d-b7b7-fe8b8dd298b0,2025-10-02,active
cbf0650a-23d3-5845-84f7-a86178538e9b,1c629fb9-bb65-504f-8efa-b901acda8a1d,076c79c3-ac0f-5659-8d69-d8a0ee9abc0b,2026-05-16,active
94b7d19a-713f-5e66-9bd5-38f8c2695d3c,24c3eae6-21de-5fa7-ad75-775edd1167e0,ac65e59b-c1b9-5920-a539-cbb4f765265a,2026-01-24,active
c94266a4-2f5e-552e-85f4-f98c3c58b6dd,c928179a-f72b-50f2-bd6c-8efebcd2d268,83e195c1-ccba-5637-a552-7226c192c71c,2025-08-31,active
d2a703bb-399e-5c3f-8101-a0285d6fa8d9,d9bae779-a771-5de7-a713-f7d02913bd5b,ac993bd2-ecef-58bc-b1d9-91067cf856f6,2026-08-18,active
1e5b22f2-db55-5685-bd99-212a41e0e32c,60ccfd44-0502-5fa0-8d27-9cc265f1db31,6c43b5de-1a73-52a4-9fa1-e51595e4486f,2026-01-07,active
f932cd2e-59d8-559d-b0f6-a12aee7ceb67,b2f279e6-14b4-5a5c-aadc-0b5ab2dd4e7a,beb2c62b-7aba-5ae5-ac57-43cb5a1af36a,2025-11-08,active
8c02b61f-0383-5231-9b74-90d75bd0cbfb,c529bf79-90d3-5602-9399-40738335c242,9cb189b1-8844-5fd2-9173-42c7d3b4356d,2026-03-28,active
1d23652e-b61d-538c-b12f-d5e240010ec3,ea60bf00-905e-5abc-b08e-4c17000dd149,2e0b60b9-2f88-5d7d-a78e-a6af6f8de266,2026-01-03,active
aec976a9-18ef-5cb5-b8ac-5b426ea61db2,1fab32d7-3f51-5470-b5b9-ea72005a2e68,f14294c0-783f-5054-be74-0f7e05c3f337,2026-02-15,active
31c161a8-9437-5e27-82ed-70a1eae927ce,713b8e42-ca09-58c1-9db4-ab4f3f05fc3c,a39d0783-2b40-5751-bde2-5aebb6de1679,2026-02-20,active
8ac56413-f916-5389-b758-8a8acfeae997,434590a6-0601-5b3c-8768-f7537c77519e,26e2623e-c56a-55d8-912f-fab4962ae298,2026-07-26,active
8d298135-b53d-5346-8d86-4e3abe2db9a4,374e0ccd-4366-597f-b5c3-6d60795d3480,140a5be1-ad50-58fb-b835-0b9c63c01116,2025-12-28,active
109d9692-6c07-51bf-ac44-2de8382106a5,f81e0179-c82e-5d0d-82b4-c2bf0fde0a92,79188a6f-dd8f-5a32-bcf6-d22190635ce3,2026-08-08,active
d2206683-c8ff-5dcd-8124-3b085005da1d,25c743f6-6b99-5904-8a4a-4b29b700d9e7,341a3bc3-5c02-5d55-a530-3ea9ba9499b5,2026-02-25,active
4ae42ebc-9494-5a3b-b36f-12e1a4ad169c,15e1ebab-b0bf-514c-8405-61b9a3993057,4b2275bd-ea39-50f7-980c-c5b233b997d3,2025-11-27,active
c2c207b9-aca2-57fd-ac43-6bac7c24bde1,214dee86-b858-5e86-aad7-d05cc5d8a623,c2b19867-0e0f-5168-989d-6d69067eb606,2025-11-15,active
c4ad21c5-f23c-5c36-9f67-f5488f05e089,dfba0cf4-e584-5bcd-8343-0655db792844,9e145baf-68a9-50c6-b236-0146cc604c4f,2026-05-02,active
b66481eb-706e-5c3a-8000-5cb4a53299a4,48787cb4-04a7-5b80-8148-23b777165705,872eb0e6-6a9b-5e4e-a521-17bca287ba19,2025-12-22,active
50446c8f-9f9c-530a-a2f0-c29ecd091357,8086f1f4-673d-5987-81b0-8f204dbfd2ab,86f7bc46-6959-5a49-bf82-046a41a2dde2,2025-12-24,active
745a76eb-29f3-5b64-9c7d-c70b5076d3d9,1208ec90-8992-569c-9143-a14b6d5727e9,2887b52d-8879-502a-bd29-4c26c293190f,2025-09-22,active
46cba3b3-6564-5ec4-b488-8959d5cc3019,492935f3-f9ee-5d56-b64a-6da8931cf13b,ccce5ecc-2159-514f-b08c-bd6242df5381,2025-12-06,active
b15f9024-b19d-543c-b4b8-8254954c8f21,e06691ef-a8bb-5f87-8c9e-c3e0b896f324,44d69290-6f3e-524e-9759-ecc66d1e9ceb,2026-08-15,active
66e1c772-da36-5a48-a1fd-ddf051e683fb,fbcd212e-451d-5600-a271-8fec64b3a9b9,2c2cc81b-8180-52c0-932a-a54ac0be5347,2025-11-23,active
48d4a340-d619-5fea-9c66-35335a80be81,7a052b5f-cf18-5b63-91b4-4c385d96d71f,3c68a561-0296-5b08-be2c-207c76389cf1,2025-11-28,active
5220843e-aedc-5ffb-b0c0-f9942dff31c5,9cea72a7-c63b-5718-8f89-cff81ccad510,cd01bc68-ff0e-52a1-bd7a-56f6ff49ab44,2026-02-04,active
b00dd261-5aa4-525c-952e-3e9b648201f8,a0ba4c9a-ca4d-55e7-9662-8b384d306f9a,4b3be50a-f305-595c-9a7c-9c6fe6b2122e,2026-01-24,active
cf817a89-8182-5857-a7c1-1c0101534315,1c4e1934-fdf0-56a8-938c-7c2c04e9fac2,050067db-17c3-5f23-ae16-64a16e384958,2026-04-05,active
9d94f453-92e3-5902-b8cb-42e0aa10b085,7c9704d9-8185-57b1-bf6a-de200c4e2109,89e58dd7-8ed1-5fc8-af0c-ff1674e9e8c3,2026-08-15,active
69ed4116-5b2b-5031-b3c9-31825755a7aa,dced9f60-36c3-51a3-a4cd-895dfd671dec,1de8eb26-658d-5bda-8231-059687db880b,2026-01-14,active
e262c2a1-d929-553d-ac60-f4cfe4d32740,7ff0bab0-c69b-54d0-86a2-99ea2da3e58c,0a909a8c-a930-5b1c-b4ba-b557d1c09ba6,2026-01-28,active
36e0a4f8-2565-549a-ac49-8981f733cac1,229ec319-00c3-5250-afbc-759d6132ee64,5c673601-1bdd-5b0a-92c8-2fe43124c690,2026-08-20,active
96e28a8f-81f5-586c-873d-7960edca2cbb,adf43fc2-e637-5500-8a6b-8a40e079d07c,1266d63c-a77a-50ae-95b3-aac6f8c10618,2025-10-20,active
8ae2b99e-1606-5171-b686-088641221a1a,c928179a-f72b-50f2-bd6c-8efebcd2d268,7ac47676-570e-565e-bbc6-3815d0dd5ca3,2025-11-09,active
7c687876-2391-5aee-bb19-3fbac657995b,23fca699-b0f6-528a-8efe-52e28bb1b8b0,69ea8f42-fdcb-59e8-a9cb-4d1d6d757245,2026-03-12,active
a9673f0e-37b5-5a2e-87da-70f929c56eea,54684399-5e5a-54ab-a9b2-5e8ff35f0223,dfbdc0b9-f8d6-5c14-b6db-1e6552ad0a26,2025-12-14,active
19c99f52-7407-5c7b-a01c-d8ed1a52743d,84b924df-189f-5e64-a8c8-056b56e362d0,8b1980a6-c1b2-58e0-97e6-08b23186f905,2026-05-02,active
d01cf846-81a8-5b98-8f7b-fe6c47c533c6,24c3eae6-21de-5fa7-ad75-775edd1167e0,fed7793f-6c46-5130-9b9b-36a3e41cc742,2025-12-04,active
f2e032f5-eca9-5707-8e8b-452d7a4f0da3,ea60bf00-905e-5abc-b08e-4c17000dd149,1e927583-a58b-5d98-bb4e-df68360b0638,2025-11-20,active
8b39790f-bfb1-5826-8443-736c5933e415,bcf1d1e0-afa3-56df-89af-e879b7a6a0d2,46c6f660-27d0-500e-8750-b3373842e961,2026-08-02,active
981a5949-fa71-5350-9f74-a73d755cbbd5,b21aa617-83df-5e76-b78c-67561698ba56,2569b207-63d9-5d61-acdf-5e2b83e894da,2026-02-03,active
4e4da736-b3c4-57ff-8071-ce5632994efe,1c629fb9-bb65-504f-8efa-b901acda8a1d,91e43375-fb3f-5dea-84fc-3b6cd033a3ba,2025-10-02,active
f37d6c6e-15aa-567c-a294-21d960cd3262,c529bf79-90d3-5602-9399-40738335c242,ed7871c4-9c27-53a6-8539-c9795a6740a3,2026-02-09,active
8ef6934b-31e3-518e-bba2-9f90f13dd26a,f81e0179-c82e-5d0d-82b4-c2bf0fde0a92,0119dc39-1092-5316-b82f-ff32891806f1,2026-05-05,active
7df4bb9a-6285-5334-8a19-453843f52da4,d9bae779-a771-5de7-a713-f7d02913bd5b,c7de05bb-4ed5-5a9e-b218-b343f9d73166,2025-11-18,active
d2a7bf15-8a27-53c8-85d0-80f64a5c484c,60ccfd44-0502-5fa0-8d27-9cc265f1db31,24f6205d-af78-55c4-9ac6-42db10b9b00f,2025-09-14,active
48d0038e-07fc-5622-96ce-583aebbe2194,b2f279e6-14b4-5a5c-aadc-0b5ab2dd4e7a,9b091607-c2e8-537a-9942-74c84048a742,2026-03-16,active
4abfef4f-8f20-5fb7-85d3-23794da14392,374e0ccd-4366-597f-b5c3-6d60795d3480,e56bfd8a-5487-5264-b893-a501b67260ca,2026-08-09,active
90ece1ad-b29b-5662-a262-d7ec62204449,48787cb4-04a7-5b80-8148-23b777165705,2e0dbc5a-145a-5f98-95d6-887c0928278d,2026-07-15,active
cb1858f2-161d-587b-a486-fca1e7fc84b2,1fab32d7-3f51-5470-b5b9-ea72005a2e68,1b89a724-452d-5f73-907e-6d06e9c5e1df,2026-07-05,active
e025a09e-a1b2-576a-8639-76b892b99f7b,713b8e42-ca09-58c1-9db4-ab4f3f05fc3c,1d4055cc-6c61-53ba-befa-1faccdf53807,2026-06-19,active
b0bf329a-4705-588b-99b4-19e9ea84c2e4,434590a6-0601-5b3c-8768-f7537c77519e,6bf333db-329e-5379-8a87-612548e94afa,2026-04-12,active
27f14dc5-4547-5b98-b688-5fbb2493b26b,dfba0cf4-e584-5bcd-8343-0655db792844,e069ddab-39fc-5820-b62a-2e0c144713e9,2025-09-28,active
c2315a85-f4c5-55d0-83fe-30ec307a36a0,fbcd212e-451d-5600-a271-8fec64b3a9b9,f08a11c8-f9c0-5650-a8c7-d51d9e7f9892,2026-01-02,active
d464cbe6-820b-5bde-9ade-b145c005ed49,25c743f6-6b99-5904-8a4a-4b29b700d9e7,8a91073c-f678-5bb2-8e9b-1cd31b741b64,2026-07-11,active
0c89b58c-b35b-5963-aa5d-d01666d56189,15e1ebab-b0bf-514c-8405-61b9a3993057,aef13d93-2926-5d27-82cc-91eb397e1d5d,2026-02-08,active
0f14919e-791c-58e8-890d-6f79f9b95d9c,214dee86-b858-5e86-aad7-d05cc5d8a623,719962a7-20db-5986-ae72-a3679ddc032c,2026-01-04,active
9036ce1f-6cec-59cb-8dc1-0f043bc6fa8a,e06691ef-a8bb-5f87-8c9e-c3e0b896f324,dad30c15-97b8-5018-ad17-b718b6e41811,2025-10-26,active
6efb95d1-4c3f-560b-b4b7-fef86bb1de55,7c9704d9-8185-57b1-bf6a-de200c4e2109,94f7c637-bf95-5080-befe-fdcf3748a0dc,2026-06-05,active
583dc991-c39f-59a8-a281-60a2af6bb136,8086f1f4-673d-5987-81b0-8f204dbfd2ab,3c93a092-47e6-5c14-bdba-7ccdd461340c,2026-07-03,active
392dd104-fff9-59c0-91e0-feb8a509f29c,1208ec90-8992-569c-9143-a14b6d5727e9,40f0390b-96f3-537f-a920-2eed11fbbe5b,2025-10-23,active
82383924-20d1-5c51-9fe5-c592660d93ce,492935f3-f9ee-5d56-b64a-6da8931cf13b,0c74ae9b-9c3d-5ddd-9423-286f953e88fc,2026-01-05,active
1b8751a0-b958-5fa3-8143-9ae7eedebe70,1c4e1934-fdf0-56a8-938c-7c2c04e9fac2,6ba72381-ad6d-5ae2-a069-716db6b02ba9,2026-02-05,active
a8ce5697-e845-59ef-8e9a-8b5f6c1c9d00,c928179a-f72b-50f2-bd6c-8efebcd2d268,9d0fe198-1bbb-51a7-894e-8ea74978b154,2026-02-20,active
d77a8ddf-6913-5284-b735-0f744ccaf794,7a052b5f-cf18-5b63-91b4-4c385d96d71f,88c4d406-580a-520e-93d1-a9491ae16323,2025-10-02,active
c8116c5a-3b7b-5ea6-b734-c3ff867774e1,9cea72a7-c63b-5718-8f89-cff81ccad510,221f7ff2-5f5e-5f69-8a56-904dece85bcb,2026-08-05,active
3a6bfcc7-098f-54f1-ab67-256e0145c407,a0ba4c9a-ca4d-55e7-9662-8b384d306f9a,8e7a61aa-daf6-5080-a843-f322705c0fce,2025-12-14,active
7e8edb10-1728-5074-aa76-72fdf0c81210,adf43fc2-e637-5500-8a6b-8a40e079d07c,86d8d01d-703e-5df7-8e24-18111f59177a,2026-02-26,active
5ca5a851-3959-54fc-8efb-9b807e85b94f,ea60bf00-905e-5abc-b08e-4c17000dd149,f1aca4b1-7e3d-57d1-9a9d-43efa13d8c8a,2026-02-25,active
6a0ee5ce-6624-5a80-a4f8-c6624d1cb0aa,dced9f60-36c3-51a3-a4cd-895dfd671dec,431d42db-74a5-53d0-8a57-68d40a8244d9,2026-04-30,active
3a65dd35-0c3e-5d06-950a-de3a414be967,7ff0bab0-c69b-54d0-86a2-99ea2da3e58c,72394c70-a521-5f56-9ce4-31ca745e4ca2,2026-01-26,active
e324cb2d-2afb-53d5-ad0a-4a2fce4db7f8,229ec319-00c3-5250-afbc-759d6132ee64,ddc63cec-f08f-5452-ae9b-e788dec170e9,2026-03-25,active
82c67c94-80ea-554d-88d2-028433e3a24b,24c3eae6-21de-5fa7-ad75-775edd1167e0,19a1cb62-c438-5b8a-835b-381d558aa640,2025-10-04,active
b2786bb0-a549-532c-a668-a21332f14f54,f81e0179-c82e-5d0d-82b4-c2bf0fde0a92,c50ebb3c-5029-50fa-9889-bf2ace164e85,2026-05-07,active
a8838fe5-95e7-5cb3-b039-025c905fcc33,23fca699-b0f6-528a-8efe-52e28bb1b8b0,1e441a01-31ff-5104-af05-d712744abbb8,2026-08-03,active
95e89235-198c-5c15-bff0-632ec0e42641,54684399-5e5a-54ab-a9b2-5e8ff35f0223,2120de3b-6e89-5446-b10d-84783bca78f8,2025-09-01,active
bd11d636-08f4-5d66-ae17-75d5fa2cdfef,84b924df-189f-5e64-a8c8-056b56e362d0,e6deb5a2-207b-5e2c-b132-d7d06f52b35a,2026-06-23,active
e2993190-7d7e-5730-a750-f31cfc22c81a,c529bf79-90d3-5602-9399-40738335c242,da0cb885-df95-54a9-907a-b809b1ee7b74,2025-12-04,active
8405ab0b-7fe4-5f16-b829-74609a722a08,48787cb4-04a7-5b80-8148-23b777165705,aea226c0-7f74-52fc-aa22-1c3146edcf33,2026-01-10,active
a69a80ca-46ac-54e8-bb4b-36c511b5f5da,bcf1d1e0-afa3-56df-89af-e879b7a6a0d2,26642037-fe53-501b-99f5-0c21fae5336e,2026-03-19,active
5b02985f-6d3a-50c3-9825-56bdc68bde23,b21aa617-83df-5e76-b78c-67561698ba56,d284eae1-3b58-55e9-aa20-71dc036e9515,2025-10-16,active
fce3cc96-7ad0-5ad0-920b-913aff07b03f,1c629fb9-bb65-504f-8efa-b901acda8a1d,68fe2048-5e72-5f5d-8554-968c7e45fc11,2026-04-10,active
40b39a96-2a7d-5ce0-9929-272e2bbc536e,374e0ccd-4366-597f-b5c3-6d60795d3480,2a97756f-49d6-58f9-be6f-82181c42fed7,2026-02-09,active
2e872f89-d837-5f57-9c80-6ea1f27f8730,fbcd212e-451d-5600-a271-8fec64b3a9b9,9ff9d504-c856-5bd7-a518-581b72844101,2026-05-11,active
a5a18362-ae21-51e0-8564-36ba4e7da1a7,d9bae779-a771-5de7-a713-f7d02913bd5b,22cc08e1-5eef-548c-8831-f5523bacf5da,2026-01-22,active
eb1663f6-5636-59db-a500-9061c386276b,60ccfd44-0502-5fa0-8d27-9cc265f1db31,0542378b-c101-5b65-9cc3-78e0505cd512,2026-04-30,active
ea8b7824-d5d5-547c-a1ef-9cf33d212d2b,b2f279e6-14b4-5a5c-aadc-0b5ab2dd4e7a,0de5a8ae-8c43-51a3-8772-fd029e6163f4,2026-06-30,active
c8c3fafd-6e51-5fdc-ab20-d0f19fe72fab,dfba0cf4-e584-5bcd-8343-0655db792844,1aff3b3e-90df-587f-b433-fedbb05181dc,2025-09-26,active
555dbdbc-163f-50f0-a1a8-7457e6bf99cc,7c9704d9-8185-57b1-bf6a-de200c4e2109,eeb546d4-9cc3-5314-a3cf-9fb014d96b68,2025-09-29,active
552aa778-9ee2-54ff-9130-97d8d2b1e733,1fab32d7-3f51-5470-b5b9-ea72005a2e68,a33ea889-160a-53fc-b474-ba1b677701a5,2026-05-02,active
5aab2325-b0c3-571a-b139-c798803b17c4,713b8e42-ca09-58c1-9db4-ab4f3f05fc3c,f2938a3e-e2e7-5b26-8a84-d1c3e60f941b,2025-11-11,active
81f7a335-e6cf-59be-b397-49cbad5afb12,434590a6-0601-5b3c-8768-f7537c77519e,6a5f1922-ebb4-59d7-99fe-b30c0bf7ecce,2026-04-09,active
cd5b96f8-269a-575d-aa3d-09e62fb6a44b,e06691ef-a8bb-5f87-8c9e-c3e0b896f324,6511e734-1feb-59af-a892-a87374f34ebb,2025-10-25,active
48e08566-7114-5bec-b28b-776105ba8d44,c928179a-f72b-50f2-bd6c-8efebcd2d268,04fb4d72-367a-58c1-8195-60a6507914d3,2026-08-01,active
7cbe50d4-ec78-58be-a409-c58e2bcf819d,25c743f6-6b99-5904-8a4a-4b29b700d9e7,0c5a8d1c-ccf3-5d8e-ae35-290e69f09907,2025-10-02,active
05f16f07-496b-5838-a249-412e4b816430,15e1ebab-b0bf-514c-8405-61b9a3993057,70dcb470-1f3b-5ff1-9218-2691192ca6e9,2025-11-29,active
47690a99-9ecd-5ebc-a9a5-516fddc3b07f,214dee86-b858-5e86-aad7-d05cc5d8a623,23bbfd8f-47b3-5b12-baf0-55d2adae6a4d,2026-03-01,active
2375206d-de41-5dd1-b692-03110763d403,1c4e1934-fdf0-56a8-938c-7c2c04e9fac2,6d99347d-0056-57a2-b40b-1c138af83419,2026-05-26,active
40e5217e-51c7-5985-aa77-e5a965f79f0b,ea60bf00-905e-5abc-b08e-4c17000dd149,98a31b9f-9ad9-5616-9b27-939d6a0c34cb,2025-11-25,active
c984d623-1b15-58a3-a94a-ea1a8f29dc7f,8086f1f4-673d-5987-81b0-8f204dbfd2ab,14484de5-5342-5ef7-bb00-77c5c5b903d2,2025-09-07,active
c45c41c6-5510-5cf1-be47-fb2a75e304de,1208ec90-8992-569c-9143-a14b6d5727e9,4ef5faf8-0f6f-57e6-b280-f02415866b1d,2026-02-15,active
cef5d539-dd6a-5113-a7ff-6150f79aceef,492935f3-f9ee-5d56-b64a-6da8931cf13b,75b194f1-6323-5e3f-9d74-f06333ef4d67,2025-09-11,active
5ee251ae-9049-566d-8d8a-601c59b0d2c8,adf43fc2-e637-5500-8a6b-8a40e079d07c,cc7dba39-9fc6-550c-9fc7-cdaff6e74660,2025-10-11,active
9e2bde37-c970-5501-ab06-782ec854da35,f81e0179-c82e-5d0d-82b4-c2bf0fde0a92,a96ae10f-0d82-5156-802a-0b93c66f979c,2026-05-03,active
b56494a0-b215-5e07-8779-ccccf25567ba,7a052b5f-cf18-5b63-91b4-4c385d96d71f,bc25a51a-f86e-5321-ad07-8446444ea8c3,2025-09-01,active
158248e9-b23b-5bed-a9fc-477b63c34324,9cea72a7-c63b-5718-8f89-cff81ccad510,acd639d2-0a2a-5b8c-8f9b-a8a9056d9582,2026-02-28,active
5364ca9c-7dad-550c-9677-0b1c6e0637a4,a0ba4c9a-ca4d-55e7-9662-8b384d306f9a,ef1123b0-4761-5276-bf42-c99cc64e1d86,2025-10-04,active
9883946a-289c-5d7b-a1fa-8c7a0aa52f13,24c3eae6-21de-5fa7-ad75-775edd1167e0,2e4d4b9c-817f-51b8-9247-862d368d2d37,2025-09-22,active
f2afd0de-26f8-5de7-a211-3f732ed60234,48787cb4-04a7-5b80-8148-23b777165705,16515985-00e6-538a-be14-4428d2229892,2026-08-19,active
eddb16c8-8632-591b-a6e2-df2f8ba4bfce,dced9f60-36c3-51a3-a4cd-895dfd671dec,47dd943b-3a59-5885-831f-5b9a7f3b9396,2025-10-20,active
46b6cbe7-2802-5d6f-b460-b04a80e63def,7ff0bab0-c69b-54d0-86a2-99ea2da3e58c,4134a576-76a3-5628-80c6-4de326b0626b,2026-07-28,active
3a93a99b-d195-533d-a4ac-0070c23a8ab1,229ec319-00c3-5250-afbc-759d6132ee64,80699c98-bf43-580b-9754-9b2ada607cda,2026-01-06,active
b07b9a3f-fa38-513e-90e7-6e68b978006e,c529bf79-90d3-5602-9399-40738335c242,ee121ccf-df6b-5b72-91cc-f2efa3dc9eb6,2026-03-02,active
84695bf4-bc56-5980-a37c-f4b0f0bf45e4,fbcd212e-451d-5600-a271-8fec64b3a9b9,b551780d-4f96-598c-9e14-c940e936f077,2026-04-10,active
227388c5-e187-5d69-a212-1907eb385262,23fca699-b0f6-528a-8efe-52e28bb1b8b0,0b242086-2362-5dca-bd67-d4bda6f6d1fd,2025-09-30,active
61f1a7fd-6422-587d-8c5f-2df335f9eb23,54684399-5e5a-54ab-a9b2-5e8ff35f0223,785169b9-83da-56d2-a59b-04e35cf4bb01,2025-12-26,active
e93286ec-5443-5302-9b95-0f533ebb563f,84b924df-189f-5e64-a8c8-056b56e362d0,3533e91a-6c3d-5181-b675-6598d235e36d,2025-11-23,active
d8cbfa74-7cb3-5fc4-a3af-b5f577ae461d,374e0ccd-4366-597f-b5c3-6d60795d3480,48380be3-46fe-5cea-9b64-86eb7a42b49c,2026-01-31,active
eb8a1e97-7330-5ec1-adbd-7a4a9c2ed0d5,7c9704d9-8185-57b1-bf6a-de200c4e2109,2f0d50fa-61c5-5f65-85cf-5797db775a40,2026-07-04,active
95a532ed-719c-5768-9f05-e8e135c64922,bcf1d1e0-afa3-56df-89af-e879b7a6a0d2,852f07da-d638-513e-ad8d-6233ee1bb2fb,2026-08-27,active
9a7b42d6-f002-5c4b-b27e-e735d4e150cc,b21aa617-83df-5e76-b78c-67561698ba56,ab402b91-e908-5c90-89d1-040c3fad8c6f,2025-10-30,active
36947ca4-f7cb-5284-9410-56bbbfbe5601,1c629fb9-bb65-504f-8efa-b901acda8a1d,04d58091-bfa3-51f3-90d8-eaffa8b77c67,2025-09-01,active
982d6e46-b896-5ee5-a308-0995528474d4,dfba0cf4-e584-5bcd-8343-0655db792844,df28fc2b-8725-5f9f-b07b-689682471c74,2026-02-24,active
228efa05-4d77-5bb0-869a-4c09b3aec7d6,c928179a-f72b-50f2-bd6c-8efebcd2d268,38a1a40d-329f-57f3-9cd9-b0a08e6a7b64,2026-06-09,active
8306d52d-523e-5d85-add3-b9138461ebeb,d9bae779-a771-5de7-a713-f7d02913bd5b,e0871838-be01-5d11-b197-cc87d0f2ba01,2026-04-30,active
fd8687c2-4ee1-524d-8f84-d31533cfee60,60ccfd44-0502-5fa0-8d27-9cc265f1db31,e8c1544d-4294-5681-b84b-eca4289b7c4b,2026-01-16,active
e0af5a60-16cb-5433-93ea-a94db7ce8745,b2f279e6-14b4-5a5c-aadc-0b5ab2dd4e7a,93eb535b-2dc6-5ada-a3cd-994ee0720f37,2025-11-01,active
c8921f5c-137b-5331-b378-5d55a1dac2ce,e06691ef-a8bb-5f87-8c9e-c3e0b896f324,0ba00c7e-2d91-5872-bbbb-f7a769d4d1f8,2025-09-19,active
2dabb803-840e-537c-841e-bbea71d8e32a,ea60bf00-905e-5abc-b08e-4c17000dd149,d0bfe50b-b011-596c-bab6-e071945ae144,2026-08-08,active
0242d863-0c52-50e5-a5d7-9572771efee3,1fab32d7-3f51-5470-b5b9-ea72005a2e68,1259272d-08e4-5ce6-90fb-be8026628b5f,2026-06-02,active
575e529e-8370-5c10-95a1-ea93de079706,713b8e42-ca09-58c1-9db4-ab4f3f05fc3c,13860416-cfcd-5aa8-ac90-096ab9677e84,2025-12-05,active
fa1aa273-345b-550f-8269-088794f03e09,434590a6-0601-5b3c-8768-f7537c77519e,bd497535-7902-5987-af45-39611a302a57,2025-09-20,active
b388b758-4eff-52b0-a537-8080f97faba5,1c4e1934-fdf0-56a8-938c-7c2c04e9fac2,75bc3343-bd6e-5a4b-a800-67f16dfe4305,2026-05-23,active
ac8edc3f-0428-5bab-ba42-1c01b03268db,f81e0179-c82e-5d0d-82b4-c2bf0fde0a92,91fc7ae7-d612-57c1-a59c-5c92ce8e587d,2026-02-03,active
e9aa8dca-c8a5-5451-bdd8-e8a5519cf7b1,25c743f6-6b99-5904-8a4a-4b29b700d9e7,b8340c07-812a-5986-b8be-e79316280d45,2026-03-22,active
934fca99-2c57-5c95-ab17-69b80b9de3f5,15e1ebab-b0bf-514c-8405-61b9a3993057,379ada66-b3b0-53ca-8a8a-0b2923ffa523,2025-10-12,active
28251b7d-849f-5b10-9bbe-d39cd0e3f8ac,214dee86-b858-5e86-aad7-d05cc5d8a623,2c1efd98-1bb9-5b09-9421-e27bfff7fe74,2026-04-07,active
3f930f32-45a2-5854-8ec9-f770f4e619dc,adf43fc2-e637-5500-8a6b-8a40e079d07c,7944d169-47e3-5be3-8e6e-48cb0be22ca0,2026-05-31,active
a58c00cc-0e27-54d7-948b-c15911c8a2c8,48787cb4-04a7-5b80-8148-23b777165705,105e6809-a7b6-51e3-8e86-7cd8ffe85470,2026-05-25,active
9809c439-66b1-592d-b084-6942fc1217e3,8086f1f4-673d-5987-81b0-8f204dbfd2ab,786fa11e-4d45-592a-8ba0-91ba5c1573df,2026-01-12,active
cf77936c-0586-5cd8-b36d-9487be7a4dc1,1208ec90-8992-569c-9143-a14b6d5727e9,4415fe8c-97cc-5d15-aee3-27997578bfd9,2026-03-15,active
831c6522-15d3-5a1d-bb9a-bf78eabaa313,492935f3-f9ee-5d56-b64a-6da8931cf13b,79f6bc28-8fb5-5667-8083-4cb80dc0d83d,2026-01-05,active
8b15fbaf-c4e6-5dcd-8845-081a7744cf31,24c3eae6-21de-5fa7-ad75-775edd1167e0,4b5248d7-2fac-5166-9a59-ebfa65896f3e,2026-04-22,active
be52b832-940f-577b-8cbc-17cf1a54b8b9,fbcd212e-451d-5600-a271-8fec64b3a9b9,fbf6b6d9-b3fc-5849-bed6-a8efd4ff15df,2025-11-12,active
aebda72a-76de-5304-9bba-1c046aff19e7,7a052b5f-cf18-5b63-91b4-4c385d96d71f,797fe38b-526e-5e9c-b5b7-0afbef0991b8,2025-10-08,active
2704beef-a762-5d3e-b4b7-b6070ef98d0c,9cea72a7-c63b-5718-8f89-cff81ccad510,22746863-66c2-5148-b1c3-0e496f314a04,2026-07-24,active
1cdbec0c-a064-5989-9cd1-7db8e2cce9b9,a0ba4c9a-ca4d-55e7-9662-8b384d306f9a,05a4994d-a059-5089-8a6e-4736ef5e21a5,2026-02-24,active
eb1303d4-89b5-5253-98ed-2af8ab082b9f,c529bf79-90d3-5602-9399-40738335c242,498f951c-6dfe-533c-a120-1beece00a222,2025-11-23,active
c564f4bd-40b9-5bd2-947f-106e85c5a6c3,7c9704d9-8185-57b1-bf6a-de200c4e2109,828f6bc6-59ab-5b55-8670-027079ec2c19,2025-09-06,active
f69a29b7-9c6d-5d3f-820f-978f9e545f92,dced9f60-36c3-51a3-a4cd-895dfd671dec,8528de39-c67a-5685-841c-0efd36906177,2026-04-20,active
ea5f276f-726b-5ec4-ad05-9720dc857a54,7ff0bab0-c69b-54d0-86a2-99ea2da3e58c,6409d22c-88a1-5681-86c8-da655632ac52,2025-09-21,active
fcf4f386-8ab2-58d3-b2e1-4d37fae2147e,229ec319-00c3-5250-afbc-759d6132ee64,5e3102a8-ef77-5d8c-b93a-c7fdefaad65d,2026-08-07,active
6f882b59-c9a4-55bd-b437-06b85d311d8e,374e0ccd-4366-597f-b5c3-6d60795d3480,44cb00b0-30e2-5c17-b375-61ac679636ba,2026-02-20,active
7102f6d7-1035-51a6-8088-b2a736593f14,c928179a-f72b-50f2-bd6c-8efebcd2d268,d4110a62-ffba-5869-9a5f-f35bb8faebaf,2026-04-08,active
65fe3a13-29fb-5893-8135-e55ef7358d0a,23fca699-b0f6-528a-8efe-52e28bb1b8b0,7c2a0b5e-3238-5711-b813-f0884d9a77ff,2026-02-28,active
d9b2db38-8556-50a5-b1fc-34b9699cd4eb,54684399-5e5a-54ab-a9b2-5e8ff35f0223,13e9865d-d14f-598f-b083-8b877609cc7c,2026-01-10,active
dd3c60a7-f976-59b2-93f9-2c6b63cdda03,84b924df-189f-5e64-a8c8-056b56e362d0,7829c712-e5e1-586e-bd76-b80949808b10,2026-06-18,active
36ed649d-f458-50e9-9a68-45940dbc426f,dfba0cf4-e584-5bcd-8343-0655db792844,249b1448-4b0d-521f-9412-27a70153ee70,2025-10-23,active
f8180f7c-953e-57aa-b565-ab7d2c36f4b3,ea60bf00-905e-5abc-b08e-4c17000dd149,f2d269c5-e9d3-5006-b3f0-9cc02e002275,2026-01-24,active
1f57199a-901d-5502-86f9-8600fc7e0c67,bcf1d1e0-afa3-56df-89af-e879b7a6a0d2,068724a4-bdd0-5843-88ee-82dfa8eacba1,2026-05-29,active
fc632b47-21d8-5c9c-b642-1a7534479429,b21aa617-83df-5e76-b78c-67561698ba56,84ae3f98-20b5-568e-9fcf-34eda610e05a,2026-02-14,active
b76f0e05-b118-53a5-a79e-30ffad447e40,1c629fb9-bb65-504f-8efa-b901acda8a1d,4d771381-b671-5e5c-89b7-d6a2435b77e8,2026-05-20,active
5e9315f2-b939-56ae-9e09-274a7cec674b,e06691ef-a8bb-5f87-8c9e-c3e0b896f324,4f599702-ca98-5a51-bf60-69b310c41bfa,2026-08-30,active
fd4bd058-3271-5933-87eb-5d197cb0be8b,f81e0179-c82e-5d0d-82b4-c2bf0fde0a92,2ce7d66a-f6fd-52b4-897b-6844c274ad72,2025-09-09,active
ec6bc690-6b64-5f85-9deb-67da0c07b86c,d9bae779-a771-5de7-a713-f7d02913bd5b,264fc5cd-4200-5b9f-9711-123db4d09d9f,2026-08-03,active
7ab348f7-6e36-5df1-8558-d8fa488f0dbb,60ccfd44-0502-5fa0-8d27-9cc265f1db31,b14a7b9e-336c-57df-8501-975f53e6b1cf,2026-03-06,active
4661fe3e-5d2a-5cbd-84f1-9f0ec242a861,b2f279e6-14b4-5a5c-aadc-0b5ab2dd4e7a,bb01dbc7-1d5c-5aab-b528-d05a1dd919b0,2026-06-16,active
a74b936a-8786-5348-a70d-ba056d52954d,1c4e1934-fdf0-56a8-938c-7c2c04e9fac2,be28feb3-6829-5960-a771-5f3ce07f36bd,2026-03-11,active
baea51ab-9cf6-5383-9a28-ecb9468f191c,48787cb4-04a7-5b80-8148-23b777165705,b8bc0ade-b0da-5553-9c1c-05034ef5ff4a,2026-06-07,active
aafd2467-da29-5de5-a587-04fbd5da7634,1fab32d7-3f51-5470-b5b9-ea72005a2e68,b153dfcc-d513-57a0-a210-75c90128d3f4,2025-10-17,active
88353ea0-dda6-5912-af59-4bb735c19c91,713b8e42-ca09-58c1-9db4-ab4f3f05fc3c,c4e597c1-b6e3-52cb-8e1f-3a60ec44f067,2026-06-04,active
de607961-5804-553e-8af2-a4f6d3eefa98,434590a6-0601-5b3c-8768-f7537c77519e,dcbe95f3-d221-5078-b64c-aae90657e533,2026-04-18,active
1bdbd561-9a21-5c28-b63b-70a2ebca07b0,adf43fc2-e637-5500-8a6b-8a40e079d07c,55604d5e-28aa-5e9b-b0e6-b70f0999b394,2025-10-04,active
6149de13-17f7-5995-8b53-716e3bca2fa4,fbcd212e-451d-5600-a271-8fec64b3a9b9,c7759084-02b1-5e64-8253-e161a60c3ab7,2026-05-31,active
2540f165-4d2b-5253-95a1-81cc306f87b0,25c743f6-6b99-5904-8a4a-4b29b700d9e7,d516f45c-0555-5fb4-bee1-a11644152c15,2026-08-05,active
e8bb664b-6cfc-5154-b472-3ca5f8987313,15e1ebab-b0bf-514c-8405-61b9a3993057,abf5ce7e-4a34-585e-8499-eaed5429d9c0,2026-08-11,active
55fe9b4a-903a-5e8a-9595-339e97289788,214dee86-b858-5e86-aad7-d05cc5d8a623,0c6b1437-9121-5967-a405-52902bf32821,2026-06-02,active
15b3ce5c-5b4f-593e-8219-ac94cf856a18,24c3eae6-21de-5fa7-ad75-775edd1167e0,9b0a2038-f54f-5077-8998-c2c8e6d2ad07,2025-09-08,active
7b79b8c5-5987-58b6-9d31-b18a658690ff,7c9704d9-8185-57b1-bf6a-de200c4e2109,f9569bdd-9e7d-5f01-aca2-61d5ecfe9a55,2026-04-14,active
59303860-ad2b-5439-9a79-fbab69a0d859,8086f1f4-673d-5987-81b0-8f204dbfd2ab,ff2ed324-7a26-5b6b-85e9-88b9f0c9616c,2026-08-11,active
db6c5f64-8814-57ed-8721-89f6d789b9b4,1208ec90-8992-569c-9143-a14b6d5727e9,ace29b2c-9a3c-55ba-b730-eb51921adb3e,2026-07-01,active
27d859fc-cb36-55c0-a6d1-e7dde7afb933,492935f3-f9ee-5d56-b64a-6da8931cf13b,19778533-d703-59de-af73-a4450c4b9423,2025-12-17,active
331ae7c8-eed6-5dbb-a184-ce3221a1da16,c529bf79-90d3-5602-9399-40738335c242,a361cc24-04c7-5dd9-a3c2-8f4419960dbb,2026-05-12,active
ee47fc61-11bb-5715-8cc5-61510cca3181,c928179a-f72b-50f2-bd6c-8efebcd2d268,c9578173-114a-5c18-a4ae-bd8006b20bf7,2026-01-20,active
eae796fc-fd3c-56c9-b26e-5d204d50d65f,7a052b5f-cf18-5b63-91b4-4c385d96d71f,09061ab6-5483-56c6-aaa2-ede27655cf83,2026-05-21,active
4912c96e-3c07-51bd-a161-204e74c90801,9cea72a7-c63b-5718-8f89-cff81ccad510,1d16ab2c-a09a-5f94-8147-65a46c813cd3,2025-11-23,active
93f17c0c-315a-5a2c-909d-75777b68a45a,a0ba4c9a-ca4d-55e7-9662-8b384d306f9a,271e9dfd-d30b-5c2d-bda3-6676d12df1ab,2025-11-10,active
564da7ab-b3f9-5a86-959f-eb02f4d0fd27,374e0ccd-4366-597f-b5c3-6d60795d3480,866e30aa-4160-5438-be1e-860a5ed4dbf2,2026-02-12,active
d20f0c26-6d27-5dba-99c3-ea66fead7b78,ea60bf00-905e-5abc-b08e-4c17000dd149,1a28ecf5-3845-5e5c-a83a-367fc406fbca,2026-06-29,active
c89d72d1-dc1d-562f-b0b5-5db641835f0b,dced9f60-36c3-51a3-a4cd-895dfd671dec,e51a4339-2687-531d-a3e2-a566085efbb3,2026-04-03,active
edaf1312-28c7-5c19-b6a0-d7cced7ae82f,7ff0bab0-c69b-54d0-86a2-99ea2da3e58c,6df02c74-0a9d-5114-b570-ca3bfbe11fef,2025-11-20,active
be456449-599b-5f38-aa11-70eab91c5704,229ec319-00c3-5250-afbc-759d6132ee64,3b65322b-cb89-5c2e-92e6-88f12debe93c,2026-05-26,active
34ad6942-1277-5fc5-bed5-db261617ab51,dfba0cf4-e584-5bcd-8343-0655db792844,37944f66-d85a-54aa-9646-00427ed3b070,2026-07-10,active
773d28f6-063b-5348-a2c7-8c085145d24b,f81e0179-c82e-5d0d-82b4-c2bf0fde0a92,59abda36-0470-5787-ba92-83984b1bc8d2,2026-08-11,active
bd890db3-2caa-5b88-a661-f62de46f3ce2,23fca699-b0f6-528a-8efe-52e28bb1b8b0,c95fda60-e74c-5f91-85fc-9f3d4a990f67,2026-03-16,active
70e439e7-0a21-5fde-b26a-bc85c2446943,54684399-5e5a-54ab-a9b2-5e8ff35f0223,14c6fa13-c1bd-59a9-92fb-3d1ec0dea978,2026-03-24,active
84c1bceb-bd4b-5382-b14b-0f4800bdacf9,84b924df-189f-5e64-a8c8-056b56e362d0,e0736f72-3f98-5bff-ba01-8a58f1c0b8a5,2026-01-07,active
54a8763d-43ba-50ff-bd2f-41bdd9a74a09,e06691ef-a8bb-5f87-8c9e-c3e0b896f324,b905c365-f86b-5e0a-bea2-7c14bea33ed5,2026-04-25,active
0d9be723-34e8-54bb-a7ee-5d70c9a4acfd,48787cb4-04a7-5b80-8148-23b777165705,05ab51ed-f003-5289-bd9e-af9a503b5531,2026-05-29,active
d0f8120d-a639-5256-8848-cebccbf128e5,bcf1d1e0-afa3-56df-89af-e879b7a6a0d2,3fb91aa2-a34c-52ce-af0c-7d60ea25185f,2025-12-23,active
3ae3c170-3956-5eb7-ad33-8ca5102f790d,b21aa617-83df-5e76-b78c-67561698ba56,e6c8ca77-9637-5d02-bdf5-bef9cbdacddf,2026-01-24,active
73fe177e-5f20-5d39-971d-186c55c77099,1c629fb9-bb65-504f-8efa-b901acda8a1d,990fee4b-799d-57ff-9802-5d21446e3a84,2026-03-20,active
ca878bc7-f533-541e-b17a-b8fa0d252c22,1c4e1934-fdf0-56a8-938c-7c2c04e9fac2,d2575666-d842-5fba-9e7b-b26a2594f484,2026-01-02,active
ee4daef6-b8d3-5d52-b284-bd50ce066fec,fbcd212e-451d-5600-a271-8fec64b3a9b9,e3e10a9f-b1a4-5603-a96e-9b2afdca93f1,2026-08-07,active
6feedfe4-b837-5c16-aad1-335fbc5fa561,d9bae779-a771-5de7-a713-f7d02913bd5b,d05d6123-7a3c-52ac-9c68-fa1fd385e75f,2025-10-10,active
490641c3-bb13-5416-aa91-162b0240896d,60ccfd44-0502-5fa0-8d27-9cc265f1db31,70f17f48-acc4-50c5-bd20-0d29e9d8c5c6,2026-01-01,active
9cbefd15-f509-53da-98d3-7313e8976b89,b2f279e6-14b4-5a5c-aadc-0b5ab2dd4e7a,fd067d0c-8fd4-5410-8066-cb1d1995363d,2025-10-20,active
0db591a9-54d5-528e-a796-9e3d06ed9456,adf43fc2-e637-5500-8a6b-8a40e079d07c,09df7e8b-c85e-5c27-bf69-3d07dd695adc,2025-09-21,active
53755316-b1f3-5a6f-b44c-90742c61fac7,7c9704d9-8185-57b1-bf6a-de200c4e2109,9cbc5fcc-accd-5919-8d65-ef69530f9d78,2025-12-24,active
7656d729-6cbc-5599-b4c9-f8fc7bde8c75,1fab32d7-3f51-5470-b5b9-ea72005a2e68,5a440d1a-c729-5814-936e-eb4d31c3cc33,2026-06-19,active
ab9a199c-d9f4-565d-b578-fbbc8298f771,713b8e42-ca09-58c1-9db4-ab4f3f05fc3c,b8fd51fa-c886-5d3b-a84b-818d7abc44dd,2026-05-02,active
2bc383b2-0eeb-5fbf-9a9e-9bff544a851a,434590a6-0601-5b3c-8768-f7537c77519e,a7ea437b-27e5-5be1-9b9c-210a5746e9d4,2026-03-30,active
196a7cc0-24b1-517e-a0bd-0f6da91cce41,24c3eae6-21de-5fa7-ad75-775edd1167e0,d25fbda9-6849-5cd9-9830-5e63aae77bb1,2026-03-23,active
49f420ee-85f5-55ba-b9a6-e2f444c0e27f,c928179a-f72b-50f2-bd6c-8efebcd2d268,807a43a9-ece0-5e10-9ebc-cc0a150d7928,2026-03-18,active
efc52a93-8554-5a35-98a4-f26cfd855682,25c743f6-6b99-5904-8a4a-4b29b700d9e7,c0432633-3ed4-5a76-8ac4-6bbf2c84362e,2025-09-25,active
a42215ab-fc7c-5da8-bf16-39d970eb4b2e,15e1ebab-b0bf-514c-8405-61b9a3993057,c2d2722b-2c85-5252-99d7-1c2718256d74,2026-06-02,active
9bed775f-e364-559a-bc5f-babc6b7aaf7e,214dee86-b858-5e86-aad7-d05cc5d8a623,1e75c99a-f5b4-5f5c-98dc-682b646a8bec,2026-05-05,active
30e6bc69-887f-57a2-aea6-f673fd929b6f,c529bf79-90d3-5602-9399-40738335c242,86bd3fa3-7366-5f97-a4e2-403c1d002ac3,2026-04-29,active
06cd738f-5a33-57f4-a776-cb21223828dc,ea60bf00-905e-5abc-b08e-4c17000dd149,1a2cc6bd-3f5c-5b1d-bf24-5f67f32471d9,2026-07-09,active
6a43ae8d-d689-5ced-8678-00c1c1aff527,8086f1f4-673d-5987-81b0-8f204dbfd2ab,484ba53a-36fd-5a3a-b59e-47356ae6712a,2026-05-17,active
88ba7213-e2b5-581c-991f-1af0146a7240,1208ec90-8992-569c-9143-a14b6d5727e9,10e84674-d1d3-5583-8db7-b3a495a4c3c0,2026-05-30,active
0dd297c6-7190-5445-8f2f-655b31252aee,492935f3-f9ee-5d56-b64a-6da8931cf13b,c81d4867-79db-551f-98a1-4f7363565723,2025-11-08,active
62169424-3e10-584f-8874-dc2e8dd37f43,374e0ccd-4366-597f-b5c3-6d60795d3480,8f90220a-79b9-5c81-afee-4203687c653b,2026-06-17,active
0894267f-c9cb-5609-90b0-d4c89f5911b9,f81e0179-c82e-5d0d-82b4-c2bf0fde0a92,5ec11051-213d-5a94-8bcc-56917ec357ad,2025-10-16,active
f5708608-a5b6-5a57-8af2-fc6eb21402e0,7a052b5f-cf18-5b63-91b4-4c385d96d71f,8721fe4c-9abb-5bbc-9308-634bc16bf8ef,2026-04-24,active
778fdfd6-2cb2-5b81-9c78-0c5f8c000488,9cea72a7-c63b-5718-8f89-cff81ccad510,e8d5f432-ef73-56b9-8a4a-ae65b1fd35bc,2025-11-01,active
3253627a-e5ae-5df2-bcf2-5f5af2a8e863,a0ba4c9a-ca4d-55e7-9662-8b384d306f9a,82824dbc-6208-5264-a375-813636473ac9,2025-12-21,active
df80129c-346a-55c0-869d-83a43a45784b,dfba0cf4-e584-5bcd-8343-0655db792844,0ca10268-9c2f-5640-a7e2-d77c2f3c0c04,2025-10-16,active
e81e3ca8-f6c5-5614-a3e2-ec7add88138c,48787cb4-04a7-5b80-8148-23b777165705,7ecce1e2-8662-561b-890f-c60db099bd1c,2025-09-05,active
fc27f525-f6cb-5257-ac4e-b7a45bdd1dbd,dced9f60-36c3-51a3-a4cd-895dfd671dec,c88b8f22-575e-5684-b991-cad56d0f1297,2025-10-31,active
c297faa7-e014-5eb7-b798-0d10f5074f84,7ff0bab0-c69b-54d0-86a2-99ea2da3e58c,03729a66-4f85-5ce7-a0a2-64b80dfb94f7,2026-05-14,active
fabc69bc-9046-5b6b-9ae2-9f65387729c5,229ec319-00c3-5250-afbc-759d6132ee64,32e6d130-f7e0-54cd-bba3-6c9d8057d4e0,2026-05-12,active
156da228-c63e-59b4-aa34-437fcb9919ed,e06691ef-a8bb-5f87-8c9e-c3e0b896f324,54cbec8e-341d-5340-a28a-4ec2fd641fc9,2026-08-08,active
693cb89c-7cb5-51b2-8b0d-e81c3d6441ec,fbcd212e-451d-5600-a271-8fec64b3a9b9,f7b60c5f-ce0c-535a-a0d9-8bbdf0533618,2025-12-04,active
3c903097-ad86-5676-9091-0e8986de6500,23fca699-b0f6-528a-8efe-52e28bb1b8b0,4308f9f4-3182-50aa-9c4c-442d47740e8e,2026-07-27,active
d9374d02-fafb-5d9f-9096-48eaf6340aac,54684399-5e5a-54ab-a9b2-5e8ff35f0223,fa8caf74-67cd-507f-bc26-bf8b675608da,2026-01-04,active
47f2c163-b20d-5c55-ba53-626794478635,84b924df-189f-5e64-a8c8-056b56e362d0,c7774a9e-3d23-5304-bfb2-a925014ade85,2026-05-12,active
61bb4b8b-7b7c-5584-9fba-103794e3b597,1c4e1934-fdf0-56a8-938c-7c2c04e9fac2,70e12496-4561-5fb7-874f-cf8dfa3ae5d5,2026-02-13,active
4a6d1c27-a0a5-5fa6-9bf4-c75b525df8d8,7c9704d9-8185-57b1-bf6a-de200c4e2109,75debe98-25c1-5fce-ad33-a909ca61f313,2025-09-07,active
0fe722d4-0c7e-5508-adea-d60727a97839,bcf1d1e0-afa3-56df-89af-e879b7a6a0d2,1e9ae40c-4117-5099-907f-bf75e9340bbd,2025-09-01,active
0602340a-c25e-5569-bb34-5488e4ea6cde,b21aa617-83df-5e76-b78c-67561698ba56,f738a129-e9dc-528e-8079-d88ddb5549c4,2026-06-16,active
f05f8a89-3368-5e0e-80e4-ed4bbfd85fd8,1c629fb9-bb65-504f-8efa-b901acda8a1d,19d5fa88-6515-5d16-bece-b2b2ed72bbef,2025-12-15,active
f693615b-2a87-5b62-a6de-c32daa070e4d,adf43fc2-e637-5500-8a6b-8a40e079d07c,7ff524d8-f97b-564e-a82e-6b568436f86f,2026-04-27,active
f0c01b56-de64-56ce-a57a-02065c70d435,c928179a-f72b-50f2-bd6c-8efebcd2d268,26edc5ba-88d5-5f4f-a42c-2f38746c506d,2026-01-22,active
831ca183-5c72-56ad-9743-de9b9ac0f035,d9bae779-a771-5de7-a713-f7d02913bd5b,7bf21432-fb64-5ce6-95f7-d3584480443e,2025-10-22,active
dc2fda9f-b0cc-5ecc-9a29-b00aaa419fb8,60ccfd44-0502-5fa0-8d27-9cc265f1db31,9ac93982-cbd7-5a53-aab8-947fc303d277,2025-09-16,active
24f4b78a-ff8d-5fd6-9055-c525c797ce5b,b2f279e6-14b4-5a5c-aadc-0b5ab2dd4e7a,2b2a2f4f-fc8a-5b77-88e8-8adc84a14849,2025-11-22,active
5cc636e4-1d64-5953-97c1-d9c7f3a4fbc3,24c3eae6-21de-5fa7-ad75-775edd1167e0,2b2b8257-7f77-5d25-ab57-d18db979fe94,2025-09-03,active
b9e6576a-f7dd-57d4-b5c6-12547acf8f38,ea60bf00-905e-5abc-b08e-4c17000dd149,e71484bf-0134-5d62-abd3-b0d45ff823cc,2026-02-15,active
32437e0c-9856-5a38-81a8-254c631dd4d1,1fab32d7-3f51-5470-b5b9-ea72005a2e68,acab315c-d4b4-503f-a215-ac18a89d7df5,2025-09-29,active
2e1fd6b7-d5d5-577c-acc4-53aa32672508,713b8e42-ca09-58c1-9db4-ab4f3f05fc3c,57d55dad-a616-5ec5-9b98-d7f440daa916,2025-10-21,active
cdcd4342-258e-5214-8052-13deee9a561a,434590a6-0601-5b3c-8768-f7537c77519e,5f1cf3c7-3563-5603-90b6-2a7abad6594d,2026-07-04,active
a0c81980-ab89-5d9b-bbb2-57e0c9a74a6e,c529bf79-90d3-5602-9399-40738335c242,44822024-67e2-5ccc-aa07-5429953f362a,2026-01-17,active
5c5bd19b-bd72-5874-b2b8-1929c6f916c0,f81e0179-c82e-5d0d-82b4-c2bf0fde0a92,c71b76d5-d661-5b5a-8076-27b96aaa95b0,2026-01-21,active
594caa59-c7b5-5c43-90de-56e1566e89aa,25c743f6-6b99-5904-8a4a-4b29b700d9e7,753de5ea-fbb2-5267-b6c9-2108c456901d,2026-06-01,active
eec8aa9c-ea9f-5c79-88d5-7a0468175713,15e1ebab-b0bf-514c-8405-61b9a3993057,f20b59b4-8074-505b-8765-123df9d62099,2026-04-08,active
a7a2c6e0-c0e3-5e1e-9af1-39a8efca6396,214dee86-b858-5e86-aad7-d05cc5d8a623,48dc9e98-c4cb-5aff-8e99-621a516a8091,2026-04-07,active
1b651659-da7f-519f-9386-111b47bff4eb,374e0ccd-4366-597f-b5c3-6d60795d3480,2d5ec651-590e-5d72-8d3a-eb69cffb940a,2026-08-09,active
4fa95aae-aca2-5e36-96c9-61250e196f9a,48787cb4-04a7-5b80-8148-23b777165705,fc7a443a-1297-5090-bfed-6c8bdf0de11e,2025-12-24,active
8fc51b7e-eb6c-5ac5-8d61-6de12dcc6ca5,8086f1f4-673d-5987-81b0-8f204dbfd2ab,404af27b-67ac-5e84-a776-383c2bfffbe1,2026-05-06,active
4948145c-0d85-5f2b-89ca-37e298fbff7d,1208ec90-8992-569c-9143-a14b6d5727e9,59796915-dc07-5f60-a803-aaace8adee1a,2026-08-23,active
39c952e0-4aba-5072-80dc-268616d09e23,492935f3-f9ee-5d56-b64a-6da8931cf13b,5529a9fd-18ab-55bf-8f28-66b8a727dfef,2026-02-20,active
36c4f4d8-f125-5a01-8019-8aee45afabe3,dfba0cf4-e584-5bcd-8343-0655db792844,c7be72f7-dff5-5026-a07f-404e019b0465,2026-08-23,active
5fba016f-096e-56f3-a89d-4a6c4c7b57b7,fbcd212e-451d-5600-a271-8fec64b3a9b9,7d8fca79-7c9f-5576-8887-3923fb333107,2025-12-13,active
f62c1718-8951-5359-ae67-23be908f3ea5,7a052b5f-cf18-5b63-91b4-4c385d96d71f,00d8096a-aada-5b64-b477-f912ef968508,2026-01-30,active
b4c50b3b-d3c5-526c-9eb0-791b261ab3cf,9cea72a7-c63b-5718-8f89-cff81ccad510,9111e0ac-13aa-52e8-ad18-a73f0194307e,2026-03-05,active
ead50549-f0f7-509d-ae33-7e490acc29d6,a0ba4c9a-ca4d-55e7-9662-8b384d306f9a,68950370-eb43-5ce9-86dd-1f9acd1f8889,2026-06-30,active
4ed58b56-bf11-501a-ae95-4afeccb89f58,e06691ef-a8bb-5f87-8c9e-c3e0b896f324,9b5dab23-addb-53ca-bd0f-3f8e81902af4,2026-08-30,active
7eef68e4-1b8c-595b-b897-10bdfdd98b50,7c9704d9-8185-57b1-bf6a-de200c4e2109,9238634c-c937-5e10-b425-5e31b9923a8b,2026-03-28,active
2618c551-3b3b-5909-9469-350219cd46e3,dced9f60-36c3-51a3-a4cd-895dfd671dec,7c02f579-69f1-5574-84c1-fc512e1649c7,2025-11-10,active
1d186d26-15ab-5ec2-8061-f9785823a53d,7ff0bab0-c69b-54d0-86a2-99ea2da3e58c,1029a969-eaf3-5b34-9888-eeca955131fe,2026-06-10,active
fe49d50b-eb8c-5372-a5ab-74a0182604bd,229ec319-00c3-5250-afbc-759d6132ee64,131766f9-7a95-5c38-89ca-cb3f219ffe8c,2026-08-18,active
414d5537-9a0d-5bcf-9254-f4ec45c63702,1c4e1934-fdf0-56a8-938c-7c2c04e9fac2,419e04d5-554e-5f26-870c-490f24f89c94,2026-08-18,active
88bc2b42-adb3-5e2b-aad8-84c3c6712701,c928179a-f72b-50f2-bd6c-8efebcd2d268,e3aa2c03-d2ea-56ba-8cfd-684d1385ff06,2026-06-28,active
a493957f-f5be-5d0d-8154-f91e8be6b845,23fca699-b0f6-528a-8efe-52e28bb1b8b0,d2a38a31-ff4e-5132-bc1a-c0a3de566401,2025-12-18,active
a49961f8-72d5-5f73-bf79-ac7d624ad3cf,54684399-5e5a-54ab-a9b2-5e8ff35f0223,1fdc8070-ea18-528c-95c6-21bd601556d9,2025-09-03,active
4b18d148-e737-595c-bed4-c6aa3bd25326,84b924df-189f-5e64-a8c8-056b56e362d0,10c25549-9e52-525f-b4e1-3a5a7d98a56f,2026-04-14,active
758b2240-4c7d-540b-b9b1-04e0c44442f0,adf43fc2-e637-5500-8a6b-8a40e079d07c,b7416f3c-4e1c-5231-9f5c-d4b36aef8c69,2026-08-01,active
5c9c0184-e967-53e3-a15f-810cee3fa746,ea60bf00-905e-5abc-b08e-4c17000dd149,d0919697-1853-5240-b9fa-4b67ef68111e,2025-11-09,active
92dcff7b-764b-5bd4-ba43-199b8f345a13,bcf1d1e0-afa3-56df-89af-e879b7a6a0d2,26cfb47a-1770-50c0-93c0-1902e1383ecb,2025-10-18,active
ee431350-ee58-5e88-a12c-070fa0735877,b21aa617-83df-5e76-b78c-67561698ba56,75bbd7eb-0476-5f46-9b01-32c25a4774e3,2026-05-12,active
f25f5fef-3caf-5ee6-9d26-a1479083a158,1c629fb9-bb65-504f-8efa-b901acda8a1d,70eaeea2-928a-5eb5-b563-8b339c068505,2026-04-01,active
4e50ef24-cf39-57f6-804e-4c34162e3e2d,24c3eae6-21de-5fa7-ad75-775edd1167e0,f9cf41ec-effa-5b4c-8be7-0e9fe5d931db,2026-03-21,active
85647a32-d080-5f55-a78c-9ae1c75dc1b8,f81e0179-c82e-5d0d-82b4-c2bf0fde0a92,4c051f32-86d9-5d97-bf24-5f8b5dd62268,2026-06-15,active
4e1be1d0-bbb2-55e7-a9ea-96f4064bc85c,d9bae779-a771-5de7-a713-f7d02913bd5b,c0df7fa1-c35b-5e76-9f7f-be2d4e7b9137,2026-03-16,active
ce386cfa-b145-5d31-a986-da47a0d1075d,60ccfd44-0502-5fa0-8d27-9cc265f1db31,fdc8490f-18c5-541c-a881-0a783177e69a,2026-01-09,active
fdecb7cd-b6f1-5279-a3b5-bc92f20a4eef,b2f279e6-14b4-5a5c-aadc-0b5ab2dd4e7a,bf1e7cdd-c176-5a12-adee-ae2347e0b045,2026-06-17,active
aaa9cfef-581b-5e3f-b8e8-6ed3468964a6,c529bf79-90d3-5602-9399-40738335c242,280eeed9-60dd-5113-9e55-694840c439c0,2025-09-09,active
9a76e067-a103-5593-84c2-1e137bbdd61c,48787cb4-04a7-5b80-8148-23b777165705,81f09c34-379c-5c48-920c-966e2067fe0c,2025-11-06,active
633a6d94-77fe-53ea-8287-e20d7c99bbbb,1fab32d7-3f51-5470-b5b9-ea72005a2e68,a98ed541-03fd-5425-8eec-a87c602d2311,2025-09-07,active
09d24fd3-51ea-57f6-a1dd-8c60ce0d3358,713b8e42-ca09-58c1-9db4-ab4f3f05fc3c,afec21ca-7a3b-57fe-bd1a-0548dbc90abd,2025-11-29,active
78a0f235-8b6a-51bd-aaba-09024a9d092a,434590a6-0601-5b3c-8768-f7537c77519e,06ddfe83-8a06-5462-8cc2-d513bb19d779,2026-05-31,active
d0a8b68b-4830-5103-bbc2-6e02dd63168b,374e0ccd-4366-597f-b5c3-6d60795d3480,73a41282-6a7f-52a0-a8e4-59e5fe677ddc,2026-03-24,active
86f26385-83d5-5da4-8160-aaf3183e0c44,fbcd212e-451d-5600-a271-8fec64b3a9b9,ef06c2cd-3f07-5cac-9769-02f0b83cbd69,2025-09-21,active
474c4407-af1d-5820-afc8-f0c209cc49c8,25c743f6-6b99-5904-8a4a-4b29b700d9e7,d6c5492e-1e4e-5995-8f19-f08cde1f8800,2025-10-09,active
84bf4973-1a93-5b29-9076-8805f9aaf5f4,15e1ebab-b0bf-514c-8405-61b9a3993057,be2bed8f-23f4-5c48-8645-bfe78827e3ab,2026-06-23,active
d017c923-be96-5696-b17a-cb412d14e93a,214dee86-b858-5e86-aad7-d05cc5d8a623,02520a14-3e5c-5475-a61e-0be9e3abb5de,2026-03-02,active
23b62273-f4c4-5779-9a49-90006df9b0b2,dfba0cf4-e584-5bcd-8343-0655db792844,1c58051c-76cd-5899-a182-95fa49aca941,2025-09-19,active
f2e57fc2-0b76-520b-b661-2cc8ed9098cd,7c9704d9-8185-57b1-bf6a-de200c4e2109,b4e79e56-2f1f-51be-aafa-b3520aeed22c,2025-10-18,active
22bc39a2-aa77-598a-a70d-5b3215b18c43,8086f1f4-673d-5987-81b0-8f204dbfd2ab,036cfe8f-06a2-57a8-bed2-93f08427137b,2026-08-03,active
23068dc8-bb54-5283-9b86-7fc9f55fdce2,1208ec90-8992-569c-9143-a14b6d5727e9,97d04480-5e52-5237-a88e-b2e227706fdf,2026-01-07,active
962d5044-af14-5c0d-a824-e409ab70ce83,492935f3-f9ee-5d56-b64a-6da8931cf13b,f9b89a31-5568-500b-ad1d-a051081a529c,2026-05-01,active
ba7800d2-415b-5c5f-b39b-e471cdc13f8f,e06691ef-a8bb-5f87-8c9e-c3e0b896f324,1473abde-9150-5527-b7b4-02c74c77e27b,2026-06-22,active
0e6bfc7d-3047-5514-b8ac-739fe6f5ca62,c928179a-f72b-50f2-bd6c-8efebcd2d268,578d5b84-5e11-50bd-b68e-24b49a525709,2026-07-19,active
ba424399-dc47-5e7c-af9d-20e409b068c3,7a052b5f-cf18-5b63-91b4-4c385d96d71f,d1d234d2-2487-57ef-aee2-33e973811c55,2026-04-23,active
de797e7c-d18b-58da-8117-b578574c9e38,9cea72a7-c63b-5718-8f89-cff81ccad510,ba7159ca-f7be-52f1-a9d1-44a63f28cb10,2025-12-27,active
a6195ed1-2cca-5c38-a533-917868edccce,a0ba4c9a-ca4d-55e7-9662-8b384d306f9a,76a66565-6464-5b17-aaad-6730bfd4b656,2026-08-12,active
0c7b415b-7e78-5a3d-9c01-9f4d37b4815d,1c4e1934-fdf0-56a8-938c-7c2c04e9fac2,8bfe8753-2521-510c-ad0f-7e2fd070a553,2026-01-17,active
09b42a6e-ac90-57e1-a9a9-9b4be932d07b,ea60bf00-905e-5abc-b08e-4c17000dd149,9bc19287-b73f-5635-8e8a-dee11dd608ba,2025-10-15,active
f2759b39-4f1e-5ac9-86aa-a9905d4d82cd,dced9f60-36c3-51a3-a4cd-895dfd671dec,e9c26c5f-6e89-53ec-8a85-bf1d27870158,2026-02-17,active
535d5005-c1da-598e-8c5d-3faffb344d47,7ff0bab0-c69b-54d0-86a2-99ea2da3e58c,10f5f13e-184b-5a69-8637-e0ac9a00d67a,2026-04-18,active
34ff9a3e-00d9-56c2-89ef-185e53453694,229ec319-00c3-5250-afbc-759d6132ee64,6c486d84-abcb-58a9-a7db-ff516a80a68c,2025-11-10,active
31c66f93-a408-59f4-aafc-a7ebb686ebc0,adf43fc2-e637-5500-8a6b-8a40e079d07c,786390d1-ab71-5384-a730-b8f9a9062710,2026-06-25,active
cdf8dbed-c981-52cc-9762-52236ec50bb7,f81e0179-c82e-5d0d-82b4-c2bf0fde0a92,25545ace-abf2-5cc2-b6df-48625825ed4a,2025-12-10,active
c35d2c9c-1cc4-5226-8b1c-d82c38b4c5a2,23fca699-b0f6-528a-8efe-52e28bb1b8b0,940adcf7-3b1c-5148-ac50-e1b961896f75,2026-02-11,active
4ef9a496-cc3e-5e65-bb43-ec8554144f0a,54684399-5e5a-54ab-a9b2-5e8ff35f0223,dd6e8ae8-0f91-53d6-a8c0-6d409a1e2341,2025-09-17,active
0a6b2b6c-8d0e-59fb-b457-aa016c6fba8c,84b924df-189f-5e64-a8c8-056b56e362d0,b0a32ea1-e4e4-5b93-97e0-fc2421ffb921,2026-04-05,active
ce7e4017-9896-5ff2-a54b-e0121e2d618e,24c3eae6-21de-5fa7-ad75-775edd1167e0,8122ddc9-61ef-5c11-bdea-f98d562804c9,2026-04-23,active
f0cfe788-cae4-5750-99dc-0edd0b8acfc0,48787cb4-04a7-5b80-8148-23b777165705,a340c7ed-b3c3-5a59-a44f-1547bab0b84e,2026-05-17,active
9a60f9c4-3aaf-5978-a858-62678e2dbdf7,bcf1d1e0-afa3-56df-89af-e879b7a6a0d2,c343505d-ffa6-524a-9eb3-aca0ca377424,2026-03-11,active
5d840eb5-5263-544d-bd6e-a40cf6fde1f4,b21aa617-83df-5e76-b78c-67561698ba56,948c68aa-7395-575d-b8c4-5144f50384d3,2026-02-11,active
74d767e4-e3f3-5f54-8c05-a8abf4ce4fa2,1c629fb9-bb65-504f-8efa-b901acda8a1d,2d71b602-681d-5ad6-8d68-5690a23c8e04,2026-07-14,active
265e8bce-44a8-5915-b9a0-801189a46268,c529bf79-90d3-5602-9399-40738335c242,de3077bd-c791-5e4e-93a3-e4330eadfb3e,2025-12-11,active
636f0700-b104-5cee-b583-e83fa40bba4f,fbcd212e-451d-5600-a271-8fec64b3a9b9,e264837a-28e8-5acf-a3ac-7f85e68bdf13,2026-01-01,active
de6f0144-35e0-571b-8196-9c423d482c94,d9bae779-a771-5de7-a713-f7d02913bd5b,5fdbf0dc-d4dd-53f4-a882-7339832d9cea,2025-09-28,active
fce40571-3fb2-5860-8b8a-3aead319b2ed,60ccfd44-0502-5fa0-8d27-9cc265f1db31,293e698d-212e-511a-9515-6d61fdc1b3a5,2025-12-07,active
3ffe6365-6368-542c-ad67-b32586fbd808,b2f279e6-14b4-5a5c-aadc-0b5ab2dd4e7a,6a536aa5-84b3-5994-9693-3f54ec998ced,2026-03-27,active
b037248b-f291-59e5-9612-1bec112fe698,374e0ccd-4366-597f-b5c3-6d60795d3480,d1990782-0026-5f85-a6ec-c0d79e7b1c0e,2026-08-14,active
3c1ec9dd-939b-5ede-99a2-f6da08530894,7c9704d9-8185-57b1-bf6a-de200c4e2109,bb1193ea-475f-5fa2-aded-586c27d75e49,2026-03-25,active
7aa8dd3a-0e66-52dd-bd46-cd35cc060402,1fab32d7-3f51-5470-b5b9-ea72005a2e68,702fa0a4-cbfc-5e37-a9ec-f2d1dc0a0e6a,2026-02-25,active
76023acd-62aa-5b50-8996-91dfe2776aca,713b8e42-ca09-58c1-9db4-ab4f3f05fc3c,5c6e76db-2fc3-5cd1-a173-9983505a460b,2026-06-29,active
c0939efd-d4ad-543e-83d5-62c95a9bf9de,434590a6-0601-5b3c-8768-f7537c77519e,e7a7895e-2fc1-5433-b2c9-73989a4c0033,2025-09-28,active
9d4a59c4-6f2d-5881-ae7f-666a8ce9bca0,dfba0cf4-e584-5bcd-8343-0655db792844,b4f9dae8-ae3e-584f-82de-7a4ccd246261,2025-10-18,active
76103fc2-cabb-5135-a118-e7ab56bc3f60,c928179a-f72b-50f2-bd6c-8efebcd2d268,891e6a23-e1ae-5a69-9572-e8f3a99d8538,2026-06-06,active
21b3a6fa-9aed-5604-9a57-eb2a94debaf8,25c743f6-6b99-5904-8a4a-4b29b700d9e7,f656a39e-ddac-53cf-b6ec-4633223d1cfd,2025-09-16,active
5af96d0e-bee7-5954-a417-5e067c070aed,15e1ebab-b0bf-514c-8405-61b9a3993057,5964b9e8-8813-5f2e-9a80-c3a4757bd3c4,2026-02-19,active
639e9743-ec4b-58b4-8c1c-0ac13dabdba4,214dee86-b858-5e86-aad7-d05cc5d8a623,a78f2631-237a-5d78-a64c-8b17452e1e17,2025-12-29,active
b2d380aa-baac-5f9d-a8fe-a2c187614345,e06691ef-a8bb-5f87-8c9e-c3e0b896f324,4db627b8-be15-5bf8-aa4f-d683904d344e,2025-12-04,active
586fd40c-157e-5f52-9a17-32304b16290e,ea60bf00-905e-5abc-b08e-4c17000dd149,56e8d5b0-4400-519c-8e6d-d4d7211066f5,2026-07-20,active
c0988694-7562-5603-a198-83c68b4f67a1,8086f1f4-673d-5987-81b0-8f204dbfd2ab,ead80d95-d1d2-533e-8fd5-2170018d31dc,2026-04-30,active
62e1cd71-1f97-5c0e-b6e0-58ef619adf87,1208ec90-8992-569c-9143-a14b6d5727e9,f4c61748-8d5b-589c-9f1f-8af6981b3308,2025-11-18,active
8cd17e5c-9b76-5e06-bf4e-950d963700e3,492935f3-f9ee-5d56-b64a-6da8931cf13b,9c02da2c-06aa-5e34-b23d-9783743254fd,2026-07-27,active
c104335c-c895-5d13-bede-5ca70a5db337,1c4e1934-fdf0-56a8-938c-7c2c04e9fac2,44ce25f2-1034-5721-93ec-4bf383dbfd9b,2025-11-30,active
6f70f089-77f5-59b9-bcfa-fdae698dd55d,f81e0179-c82e-5d0d-82b4-c2bf0fde0a92,d38029ff-40eb-5673-b670-dcdf1fd1b2b1,2026-01-21,active
dff86b4b-bf73-58d2-b735-4e93672c69b8,7a052b5f-cf18-5b63-91b4-4c385d96d71f,10c83407-865b-5ee2-bffe-439c73f75a1e,2026-05-17,active
09837552-0976-5ecc-82f9-7349a0689c25,9cea72a7-c63b-5718-8f89-cff81ccad510,5cf188df-ad11-540f-9127-5759a57d8b36,2026-06-10,active
d20947c9-1ec2-5aa2-8eaa-3c797ed1c790,a0ba4c9a-ca4d-55e7-9662-8b384d306f9a,7b823571-d7ec-57fb-a5d6-0ded204a6c50,2025-10-03,active
3d3c68c7-2757-5851-ba6e-a539b0ccd1c3,adf43fc2-e637-5500-8a6b-8a40e079d07c,3d0834da-1004-5eaf-9b12-70ca1efbc891,2026-02-21,active
63342e3e-0281-5c55-b18f-b82b8ce35ee9,48787cb4-04a7-5b80-8148-23b777165705,eb82deaa-92da-5be5-ab42-2c44bcb552b7,2026-07-21,active
1b888ae5-92a0-59d2-bac7-e3535b269f54,dced9f60-36c3-51a3-a4cd-895dfd671dec,3c6b2714-5acf-550e-bf55-33353293bcac,2026-02-25,active
5efccb6d-7de8-5ed3-91df-4630d8c7ea94,7ff0bab0-c69b-54d0-86a2-99ea2da3e58c,654eeebb-caf8-5066-ab67-ffc632b12b31,2025-11-19,active
54763c35-58dc-5360-aa0f-e40289479b1d,229ec319-00c3-5250-afbc-759d6132ee64,9bdc9e38-c690-5ecf-94a5-a6227e33ac59,2025-10-13,active
c82bca31-991b-54e9-b015-f8ef71dd6d99,24c3eae6-21de-5fa7-ad75-775edd1167e0,5fb56317-a4ef-568f-9e94-392c9b455c66,2026-08-26,active
23096cb3-4538-5b6a-bf8c-d84d3eae1130,fbcd212e-451d-5600-a271-8fec64b3a9b9,c0fcbd72-431a-5fae-a813-aad8ed4da4a5,2026-06-21,active
3e2bbae3-1ae9-51fb-9eb1-70caa9d3793f,23fca699-b0f6-528a-8efe-52e28bb1b8b0,89cc7e6b-2c81-53a5-809d-394cc9e568b0,2026-03-17,active
43bee0d4-472c-5f0a-9647-dd275fecc2ef,54684399-5e5a-54ab-a9b2-5e8ff35f0223,1b5b3406-cca4-5db4-bdc0-313197045c63,2025-10-08,active
03a9a1ac-1579-546d-a562-25448b7e71b4,84b924df-189f-5e64-a8c8-056b56e362d0,41b80fd9-6858-5727-804d-3446f9b1f4cd,2026-06-24,active
8baf949c-b564-563b-850f-5b395c551811,c529bf79-90d3-5602-9399-40738335c242,82101f33-5b49-5c01-9817-2c429a395480,2026-07-28,active
b1aa2e41-af11-56bf-b9e6-8db2bdfddbd8,7c9704d9-8185-57b1-bf6a-de200c4e2109,87da5f3a-826c-5172-89cc-5af570063d5f,2026-06-14,active
0143082e-7fbf-5fa8-aadd-bfbd92b1b988,bcf1d1e0-afa3-56df-89af-e879b7a6a0d2,05032ccc-088f-5bff-bf0b-6d8b11de254d,2026-04-23,active
e5a39823-da95-59ae-9ac7-b36a4fad50c0,b21aa617-83df-5e76-b78c-67561698ba56,1cfa69ba-72bf-5b6a-a929-257b367e3009,2025-12-29,active
93b0a752-3039-5dc7-a43b-dcd0e030e690,1c629fb9-bb65-504f-8efa-b901acda8a1d,88bf0ee2-5237-548f-b350-bd7762cf6887,2025-10-06,active
a2e78f79-36f9-546b-95ad-26d315355af1,374e0ccd-4366-597f-b5c3-6d60795d3480,80ccd3ab-b208-5d5c-af4d-58c4fb338f85,2025-11-26,active
282f9048-6cc5-5fdc-baf0-547eef198659,c928179a-f72b-50f2-bd6c-8efebcd2d268,12abe88c-6607-5a93-8e94-051ebb98f263,2026-01-06,active
2c045024-b2e3-58d6-abc3-309998d29cb4,d9bae779-a771-5de7-a713-f7d02913bd5b,eb980f3d-e240-57e1-a831-ca15a13b3d55,2026-05-05,active
0909437a-4aef-5422-a2ce-f21495befe4d,60ccfd44-0502-5fa0-8d27-9cc265f1db31,75179f00-1271-5352-8932-ab86611eb04e,2026-06-24,active
2e450e5d-2477-5684-9589-e7ec14762bcc,b2f279e6-14b4-5a5c-aadc-0b5ab2dd4e7a,244d5793-ee1f-588e-94b6-fb44a513eda7,2025-09-29,active
d0625bd5-4b59-55fe-9256-929fc752c773,dfba0cf4-e584-5bcd-8343-0655db792844,f89a510f-e521-5198-bf5d-87fc682c09ca,2026-03-18,active
19cb7f27-d200-511d-898c-038b890e9d6d,ea60bf00-905e-5abc-b08e-4c17000dd149,dce5079e-2a1f-5bcf-a06a-c77c37039980,2025-08-31,active
33e53372-4d5a-56d3-94e0-337a4bd673f0,1fab32d7-3f51-5470-b5b9-ea72005a2e68,54634559-6cb7-5cff-ac34-0cd5de4a1566,2026-02-07,active
eceb2999-d687-54a3-bc2a-ffa3b1bdcf59,713b8e42-ca09-58c1-9db4-ab4f3f05fc3c,fec5ef32-adc8-52e8-a786-3c1a3eeddcb4,2026-01-29,active
3dd86d93-239d-5f59-a473-23c34b744b6a,434590a6-0601-5b3c-8768-f7537c77519e,37f79259-d62e-5c69-afdf-2389be70cc01,2026-04-18,active
d0765bbe-2215-59e5-a96e-b0a70972300e,e06691ef-a8bb-5f87-8c9e-c3e0b896f324,f22cfccb-07c1-5c34-875a-781e473a5a84,2026-06-26,active
0ee36a76-1c7d-58c8-b6f0-d6bdd399bdd7,f81e0179-c82e-5d0d-82b4-c2bf0fde0a92,a88d88af-877f-56c1-9477-69b5f3181ec4,2025-10-19,active
a5613fd5-e430-5eb6-9ead-7f6bb6dad68d,25c743f6-6b99-5904-8a4a-4b29b700d9e7,1489d537-b510-5d2e-8462-6a04a053779b,2025-12-24,active
13f47751-d36a-5aeb-a41f-88610953c48d,15e1ebab-b0bf-514c-8405-61b9a3993057,0cac86aa-94c6-5442-9a2c-abdb872c090f,2025-10-04,active
b0a8da01-5ade-59ce-b1c3-1aba6c5683d2,214dee86-b858-5e86-aad7-d05cc5d8a623,44015697-3e20-5cfe-bf53-1eed5cfb9c5f,2026-02-17,active
40e15a70-9cea-5125-ab7c-b4e9808ef4aa,1c4e1934-fdf0-56a8-938c-7c2c04e9fac2,af01f3b6-58f8-5da7-b010-4af3143c45bd,2026-05-29,active
fdfc8b8b-6096-5d05-994f-81e4173cef92,48787cb4-04a7-5b80-8148-23b777165705,bd68906f-9496-59ec-b6f7-a1c7cbd457e5,2026-06-20,active
40b407cd-3ab8-55f2-9512-4c0dbc859b9c,8086f1f4-673d-5987-81b0-8f204dbfd2ab,23826633-9aad-5005-85cf-96f377012cf8,2026-05-02,active
4624dafe-16df-5912-995f-5696da715ce1,1208ec90-8992-569c-9143-a14b6d5727e9,6bda4027-616b-55bf-9c25-12cfc5146718,2026-04-26,active
18674a4d-6bdc-5002-9a65-e56f1fcaf2a7,492935f3-f9ee-5d56-b64a-6da8931cf13b,ca8462ce-fb7b-5338-830e-f468a915e3f1,2026-08-30,active
15584e87-9cbe-5799-ab17-d661d8e5432c,adf43fc2-e637-5500-8a6b-8a40e079d07c,83a5753b-2def-57f3-97c0-f5d18385ccc0,2026-04-12,active
373347d3-96f0-5e1f-8917-98775710489f,fbcd212e-451d-5600-a271-8fec64b3a9b9,9400bc5a-a0e8-51d4-ac65-198f7c034d14,2026-08-06,active
d5c89a5f-9f76-5c49-810f-be5eb63a769f,7a052b5f-cf18-5b63-91b4-4c385d96d71f,b6fe779b-5c1b-5168-b1fe-21fba9d1ac9e,2026-05-21,active
b48e6cdc-bdec-570f-9ccb-f1d60b7c7cc1,9cea72a7-c63b-5718-8f89-cff81ccad510,b4077fc4-2cf7-5ff9-8d68-edb22986e213,2025-11-29,active
863aefbe-22fe-5dbd-a830-08d792aaeade,a0ba4c9a-ca4d-55e7-9662-8b384d306f9a,f0d978da-a823-54ce-b4fa-57d8d0b0a4f2,2026-04-20,active
c74dc8f8-bf06-59d1-8734-5fc7ec09ec83,24c3eae6-21de-5fa7-ad75-775edd1167e0,b3846a6a-3c83-5d01-8118-53db0ce7111d,2026-08-06,active
68e1c0c4-9b91-5be7-88d9-4cf715f0a56b,7c9704d9-8185-57b1-bf6a-de200c4e2109,5d2d7e8e-dd31-5892-a306-980c402b03c4,2026-02-05,active
84d9bb4f-60b2-5df9-b397-9b6f642d7523,dced9f60-36c3-51a3-a4cd-895dfd671dec,9eb33723-4279-5c9e-9659-739a57fe1735,2026-08-23,active
450777be-1db2-5fea-87f1-0d1769d79065,7ff0bab0-c69b-54d0-86a2-99ea2da3e58c,4c97df8a-b536-5991-bed8-a6d0664d9c6a,2025-09-18,active
0e625085-6dae-588d-aca6-65ce428edfa9,229ec319-00c3-5250-afbc-759d6132ee64,c3753c2f-d009-5a3a-8cff-e16d8c15df87,2026-04-02,active
5c36ef59-1668-5ead-8ed6-f2e4a4a0e9ea,c529bf79-90d3-5602-9399-40738335c242,215ae3ed-2b44-5040-8217-2093422d167d,2026-08-29,active
c817d015-378b-53ec-9c70-16d20f020af3,c928179a-f72b-50f2-bd6c-8efebcd2d268,5c9ee565-043b-52a5-bbef-ca3aaf316974,2025-10-13,active
4dd39aa3-4b66-5061-8949-f8661e1fd94e,23fca699-b0f6-528a-8efe-52e28bb1b8b0,1d2c9cb9-8b37-50de-ba65-e9a6f65dc5b0,2026-02-20,active
437e6214-9b30-510f-bed5-47b1e17a93ee,54684399-5e5a-54ab-a9b2-5e8ff35f0223,864c3b09-e16e-5faa-8caa-f47102a11352,2025-10-28,active
7467f9b1-2645-547e-8d09-db9dd847ad45,84b924df-189f-5e64-a8c8-056b56e362d0,4be5ab66-a8df-5fbf-945e-19504788428c,2026-02-12,active
65755d10-c59f-51d1-8f2c-469b06090c50,374e0ccd-4366-597f-b5c3-6d60795d3480,2f1e66ae-eeb5-5f54-9e48-d24f4c98c313,2026-07-21,active
a5568461-3e24-5ba0-bc3c-dba4c5da287a,ea60bf00-905e-5abc-b08e-4c17000dd149,eccf8f2f-74c8-5c68-974f-0bc7901dab2c,2026-05-16,active
6219cbe0-bb43-547e-950c-7ff033239de8,bcf1d1e0-afa3-56df-89af-e879b7a6a0d2,1a77d982-a47b-58a0-bd2b-de19d4248d2a,2025-09-27,active
10e20faa-9c05-5032-ad73-47b39f6f8fde,b21aa617-83df-5e76-b78c-67561698ba56,85aa98f4-084b-5288-9dbb-124f2d9ea885,2026-01-30,active
5f726728-6468-50c2-8cc9-447dfe81d044,1c629fb9-bb65-504f-8efa-b901acda8a1d,d07c4afd-0945-5bc3-be6f-f3bbc4e34385,2026-08-26,active
80bdacac-cd71-5d7a-8146-3ca17768a035,dfba0cf4-e584-5bcd-8343-0655db792844,91c5c8f3-6bb3-5821-853c-78275cabba38,2025-09-13,active
06b47ab7-982d-53e4-ba59-1bfe9d2b002f,f81e0179-c82e-5d0d-82b4-c2bf0fde0a92,cbfa0efd-9c36-5326-b5bb-5bdb4b4ca623,2025-12-12,active
5e742f0c-bd05-53b2-9bd9-604c2ad7c9a3,d9bae779-a771-5de7-a713-f7d02913bd5b,34bc1027-e52d-5ec1-b3f9-75e3237a8674,2026-06-25,active
d399c405-f239-581c-b228-f109cbbee15b,60ccfd44-0502-5fa0-8d27-9cc265f1db31,8775b7ab-34d1-5841-9ec0-e6e696688307,2025-11-22,active
74b047a9-a03b-5b22-8d5d-ff929f92f965,b2f279e6-14b4-5a5c-aadc-0b5ab2dd4e7a,8f419a04-5d26-5b30-8b18-7a3e176afd95,2026-07-09,active
c7c6cbf9-ee1e-5086-aa40-dbe73d06b61b,e06691ef-a8bb-5f87-8c9e-c3e0b896f324,d52c3009-7a12-53ac-9140-2a40df2499ba,2026-01-01,active
1fbc7334-c2fe-5c3d-83ab-f3db79c0739f,48787cb4-04a7-5b80-8148-23b777165705,bab5a528-dcce-5960-9f34-718a92058e92,2026-01-15,active
90193fc0-ce51-573e-ab9b-215c211a4dad,1fab32d7-3f51-5470-b5b9-ea72005a2e68,c5186f6b-e1d0-5700-9d71-31de5ea7ac8a,2026-06-25,active
f737f79c-8930-5f61-9d28-43d13c477a35,713b8e42-ca09-58c1-9db4-ab4f3f05fc3c,04c79f7f-4041-5a63-97bf-2ece651d40b2,2026-01-07,active
ebf60b49-fdd8-5a2d-8ffa-44bc0d6a01e1,434590a6-0601-5b3c-8768-f7537c77519e,7006925e-6af2-5e3c-bd85-788a1d1343ac,2026-01-31,active
2cad5b6c-56b9-5017-9610-679d944c5393,1c4e1934-fdf0-56a8-938c-7c2c04e9fac2,ec51a59e-c5e4-514b-9501-31ac0d1e80ca,2025-10-07,active
5ee09562-3a5d-5a38-ba46-ec616eff26c6,fbcd212e-451d-5600-a271-8fec64b3a9b9,3bcd50f7-f0eb-5174-b1a9-9deab11031da,2026-08-12,active
f577bd24-1001-53b4-bf34-0e28333fce52,25c743f6-6b99-5904-8a4a-4b29b700d9e7,6c3f6314-f245-5946-9a2e-ea5fbb951e7f,2026-01-18,active
80f449c2-545e-5946-8010-3460481aba8a,15e1ebab-b0bf-514c-8405-61b9a3993057,650e5b63-d760-51b3-9465-102cbe048b2e,2025-11-15,active
659c7b6a-23df-5bff-b1b8-8cd8af782419,214dee86-b858-5e86-aad7-d05cc5d8a623,bf913de2-6da4-5acc-8ad9-fbfe79c8f948,2026-05-06,active
35613d69-0c59-558a-bccf-f006ee02d332,adf43fc2-e637-5500-8a6b-8a40e079d07c,cbf14c0f-d8df-592e-be76-01083414492b,2025-09-28,active
911a26e9-ed2e-531d-a535-ed69fcdefaf2,7c9704d9-8185-57b1-bf6a-de200c4e2109,36850526-5951-520a-b33e-b34aa3a8d24c,2026-08-12,active
3235e19f-a482-55c3-a19f-e6d064ed7bbf,8086f1f4-673d-5987-81b0-8f204dbfd2ab,1a7abaf9-db83-5b34-aa30-8e65ccecd647,2026-02-15,active
b714b915-bfde-50ea-8518-0748f03a5bcd,1208ec90-8992-569c-9143-a14b6d5727e9,4ed02a76-d194-55d0-b915-c6b2e0852190,2025-10-07,active
7339a33f-d5eb-5373-863e-e88d04283d09,492935f3-f9ee-5d56-b64a-6da8931cf13b,4297d3c8-9f0d-59cd-b6be-25fb5ae1f0ef,2026-07-26,active
8bcf0ab7-6b1d-572a-a6e3-f90092c9a68e,24c3eae6-21de-5fa7-ad75-775edd1167e0,a1350aa4-ee6f-5577-9815-4d137cb0696d,2026-07-01,active
ee8b78f5-8d76-5bc4-9b73-e368162f590c,c928179a-f72b-50f2-bd6c-8efebcd2d268,44c79770-368b-5537-9952-7170040a5301,2026-03-13,active
d5dfc2f8-d51d-514c-8f38-73d3779efdfd,7a052b5f-cf18-5b63-91b4-4c385d96d71f,3388263e-9140-51e1-be58-a373ce459010,2026-01-23,active
4a164f7a-3663-5b0c-b1bc-6ecfa3139b08,9cea72a7-c63b-5718-8f89-cff81ccad510,a8a7d198-5dd8-5f3c-9c89-9a051fe2d125,2025-10-18,active
29b376e5-5a81-562e-8490-87a43951774d,a0ba4c9a-ca4d-55e7-9662-8b384d306f9a,dbdcd508-7f78-578c-834f-4a1aebe41e89,2026-08-27,active
56fb181c-9b69-5edb-86b3-189d74dbd268,c529bf79-90d3-5602-9399-40738335c242,cea22206-d9ec-533a-ba11-23436d13a5ca,2026-07-30,active
ad56420c-4c44-5bbb-ab77-7031013163d2,ea60bf00-905e-5abc-b08e-4c17000dd149,98847415-a6bc-5eed-9f05-a9af7bd353d4,2026-02-07,active
b5e4867c-79cf-5daf-b2e5-4b8a533cf660,dced9f60-36c3-51a3-a4cd-895dfd671dec,a07d29f4-fe3f-58dd-94b4-6903c65af63c,2025-11-30,active
837e8d95-21e5-5a41-9780-d500a9e81975,7ff0bab0-c69b-54d0-86a2-99ea2da3e58c,1ac54af3-5707-5492-aee2-05ef12942473,2026-03-11,active
7178585a-43fb-56e1-9b94-c45746cf3524,229ec319-00c3-5250-afbc-759d6132ee64,b6820f4f-8105-5eae-8388-93df55b5a919,2026-06-01,active
63171f6e-d39a-518e-a275-0e718ab119e7,374e0ccd-4366-597f-b5c3-6d60795d3480,ad8e66ee-9869-50f3-b05c-bb30f86aa457,2026-08-12,active
7143ed94-34b3-5019-a87f-f25474e8a607,f81e0179-c82e-5d0d-82b4-c2bf0fde0a92,f8461778-159b-5e50-ac02-3e4291767ff1,2025-12-03,active
e66ae773-bfef-542b-8df1-4a90b15ade57,23fca699-b0f6-528a-8efe-52e28bb1b8b0,16f4f844-5038-5b1e-8c65-ea315a585e05,2025-09-26,active
7b6bb8e6-352c-5305-8286-cdc0ba623cf3,54684399-5e5a-54ab-a9b2-5e8ff35f0223,000280a2-bb34-5e35-b16e-a231e8b7be80,2026-01-25,active
718577c2-3388-5e6d-9ac0-ddde93bd1869,84b924df-189f-5e64-a8c8-056b56e362d0,af363d3c-860c-5698-a9cf-bb1c6f450514,2025-11-04,active
325c2539-b8a3-5188-bf63-ea3f168e8031,dfba0cf4-e584-5bcd-8343-0655db792844,0134a9b6-3357-5d15-ab71-31131d587d56,2026-01-16,active
1e949a93-6380-5ec0-8933-000f7f9031a9,48787cb4-04a7-5b80-8148-23b777165705,837a3fa8-373e-5f55-9434-54aac1e44546,2025-09-03,active
bf1b73fb-85f7-5e96-a2bf-a383581df1d0,bcf1d1e0-afa3-56df-89af-e879b7a6a0d2,d3df0796-a8ca-57c8-badb-f41272fb61cf,2025-10-18,active
800e711a-5308-5549-9e1b-1039453c81b9,b21aa617-83df-5e76-b78c-67561698ba56,62707310-8f7f-5b6b-b019-d6ac621cb7ce,2026-02-02,active
a5abde65-fbe6-5264-81b2-d9a17a3338df,1c629fb9-bb65-504f-8efa-b901acda8a1d,62b6c44a-0e18-50df-b381-7532d1cffe06,2026-05-31,active
4f05a7f6-7f0c-5152-a1d6-7f09fdef1689,e06691ef-a8bb-5f87-8c9e-c3e0b896f324,3f937259-bd27-5034-8819-7864795688aa,2026-05-15,active
6b4eb378-b0be-5c80-9176-b12b4da0d4a2,fbcd212e-451d-5600-a271-8fec64b3a9b9,216c274e-2c70-50d1-bfaf-4b7cfcef9292,2026-07-23,active
30ef01b5-6fbe-5c26-a3d9-74cf6b34bd3c,d9bae779-a771-5de7-a713-f7d02913bd5b,8861cd2e-b193-51b3-8310-498a0c7ecaa0,2026-08-19,active
715ac068-46e9-5ca3-b31f-7cca06279244,60ccfd44-0502-5fa0-8d27-9cc265f1db31,4705e7ec-7a1b-5d42-97a5-ded3b344fb38,2026-04-26,active
6105e6e6-7a0b-5adb-9456-8226f7f563c6,b2f279e6-14b4-5a5c-aadc-0b5ab2dd4e7a,97dedd4a-dfb7-5db8-955c-c13d50ef55cf,2026-03-16,active
9c3c2f4c-9f21-5661-a785-e0f929507a4e,1c4e1934-fdf0-56a8-938c-7c2c04e9fac2,b5fc8288-b9e8-5d46-8a57-1c98dd1ec87c,2026-01-29,active
205bbf8b-d1dc-5a72-900c-2cf4fc77347e,7c9704d9-8185-57b1-bf6a-de200c4e2109,fcdd596e-f586-5d16-9b12-0e18ed346a1b,2026-06-18,active
d57f2047-a122-5bf5-b2cd-6456d38963cd,1fab32d7-3f51-5470-b5b9-ea72005a2e68,8a565c7b-7994-5fe3-a6dc-0e514bd65f22,2026-07-04,active
4ddb90fd-1d33-5776-9cc8-d3d69698b6df,713b8e42-ca09-58c1-9db4-ab4f3f05fc3c,f9f181b2-4dd1-599e-a863-8fc11c75cfb9,2026-06-25,active
827700a1-1d7a-5ca3-bf60-6c08afbb8359,434590a6-0601-5b3c-8768-f7537c77519e,ffc4fb64-4c02-5513-9e93-6c4b180167e2,2026-06-06,active
1a3c7608-d28b-5bd8-8b1c-4a20e6703f4d,adf43fc2-e637-5500-8a6b-8a40e079d07c,95707a08-7114-51be-940e-01c39a29536b,2026-05-04,active
76692295-06d1-596a-823f-81006e9cd229,c928179a-f72b-50f2-bd6c-8efebcd2d268,599fca8d-188d-56ae-b5c5-a46c63ad10cb,2025-11-02,active
12fcf6b9-3ba7-551c-9a69-ba1e2325e62a,25c743f6-6b99-5904-8a4a-4b29b700d9e7,642ce7c1-f7e7-590c-adf0-c70c2abd88f0,2026-01-11,active
8fe443bf-eb1f-5881-ae85-635646b22aee,15e1ebab-b0bf-514c-8405-61b9a3993057,ac2f36dd-a750-567f-9055-3b273b213591,2026-03-01,active
2b5fb971-23e1-589b-93ea-9a73a34e393a,214dee86-b858-5e86-aad7-d05cc5d8a623,ac265695-21b9-54fa-950b-c30523bf2e97,2026-05-30,active
bf1a2bad-6811-5faa-a0ff-6fd38f3fffaa,24c3eae6-21de-5fa7-ad75-775edd1167e0,ec16ce62-83c7-5e79-a058-53958873236b,2025-11-18,active
de3aeaaa-79e0-5275-9310-58213a3021ce,ea60bf00-905e-5abc-b08e-4c17000dd149,cdca6c1b-b1d5-5949-95f0-594b17d63ff9,2026-08-27,active
c73769c4-180c-50e8-8062-b5ff2c1ad462,8086f1f4-673d-5987-81b0-8f204dbfd2ab,e964f22c-0588-566a-a1d5-b22f570ce0cf,2026-06-23,active
a725d9e9-48ca-56a5-b3d7-90119efd701b,1208ec90-8992-569c-9143-a14b6d5727e9,98b4a36e-f020-56da-b90f-6c92745270df,2026-03-07,active
1b8b4d83-5c31-5f14-94d4-2accb8e26ce1,492935f3-f9ee-5d56-b64a-6da8931cf13b,0424c355-7cab-5d88-82db-de067f3a2990,2025-11-07,active
06df3988-1d39-509a-afb5-b191890adb0c,c529bf79-90d3-5602-9399-40738335c242,6314951a-4547-56f4-82d3-2eb9d3c82e8c,2026-03-13,active
bdcfdbaa-ff0a-510d-9487-aae1d1fe7437,f81e0179-c82e-5d0d-82b4-c2bf0fde0a92,c3576572-099b-5798-b335-0d99b42f157d,2025-09-07,active
38a8abeb-37fe-55c8-adb9-32533b63515c,7a052b5f-cf18-5b63-91b4-4c385d96d71f,c2185795-2f9f-544b-a577-334174be914d,2026-01-03,active
3c9032fa-a40f-5841-baf5-72e2cbcc2eb3,9cea72a7-c63b-5718-8f89-cff81ccad510,3470adad-d4ab-5bf2-b747-7d1a6088a4be,2025-12-31,active
0d4f23b1-74a2-57e6-9ae0-48765b65dd03,a0ba4c9a-ca4d-55e7-9662-8b384d306f9a,d29cf6f4-6b13-5abd-b139-5571265a0bb4,2026-07-04,active
803d1b81-c0d5-5fa7-b5f0-379355ce3caa,374e0ccd-4366-597f-b5c3-6d60795d3480,cb031250-ce8d-5084-ace6-ba86139aa6b1,2026-06-18,active
6ea6011b-c6cd-5493-a99a-d076a609011c,48787cb4-04a7-5b80-8148-23b777165705,4d2bebeb-d1a8-548c-8752-1fe89efea6bb,2026-02-04,active
5ba58ea5-3cd2-5c6c-8b9a-72962eb95624,dced9f60-36c3-51a3-a4cd-895dfd671dec,8de015b8-e615-54ce-9ef4-1b31c9afadb1,2026-02-22,active
9a9dd1b9-d970-517a-9d42-b822477735d2,7ff0bab0-c69b-54d0-86a2-99ea2da3e58c,e17250dc-e2ba-525d-9966-1218ff31563b,2026-06-22,active
0aa9e544-ee7b-54b9-ab5e-a23a24a41bce,229ec319-00c3-5250-afbc-759d6132ee64,cbc0c254-3eb6-59b8-9e08-d021442597f5,2026-04-27,active
7a277f19-2e5a-5d15-8d4b-86107d68e9d8,dfba0cf4-e584-5bcd-8343-0655db792844,ced124fb-be5b-5ef6-b3a2-41539be0bd20,2026-02-27,active
4882a0f8-0e87-56f4-b953-6d235e6632c7,fbcd212e-451d-5600-a271-8fec64b3a9b9,cd4e24ea-ad6f-58f3-bdd8-39de32c1b412,2026-08-07,active
6f57e195-5ee6-5c4c-a2df-6a34e28255b1,23fca699-b0f6-528a-8efe-52e28bb1b8b0,1a94663f-aa95-558c-add3-ac9094daaea6,2026-05-22,active
6e6f66b4-56eb-5e8f-9756-241e4263d00a,54684399-5e5a-54ab-a9b2-5e8ff35f0223,1ae0052d-8327-5fd0-abce-e0277e57bc3e,2026-03-30,active
ed95a0de-dbc9-5af8-b204-38637b5431f3,84b924df-189f-5e64-a8c8-056b56e362d0,a43b0bda-dfe3-5bb3-8edb-d5235fdce6b8,2025-10-13,active
3ff8624b-87f8-5ecf-be8a-c321e5f2c24d,e06691ef-a8bb-5f87-8c9e-c3e0b896f324,b7622fbb-f035-5077-9daf-cda09e12077a,2026-08-04,active
a2f5141e-e7b8-5bb6-ac1c-01808c8e47ac,7c9704d9-8185-57b1-bf6a-de200c4e2109,54483016-e2e2-53c6-9b45-b67ba56d50f6,2026-08-17,active
d60d6f48-593d-5541-8ad9-77b0d65fe51b,bcf1d1e0-afa3-56df-89af-e879b7a6a0d2,ea3f4fa1-9afb-5055-9446-5a6833baeff0,2026-08-27,active
d9020dcb-5686-5715-a390-4a1a034d7942,b21aa617-83df-5e76-b78c-67561698ba56,cdf77c59-ca65-555a-9b73-d7fbe9d154af,2026-03-05,active
a25f0988-3bd8-5010-ba33-3ba8b29287a6,1c629fb9-bb65-504f-8efa-b901acda8a1d,333d8189-e00e-50ef-87ca-202547a01397,2025-09-01,active
7932579e-7d75-5331-b689-777e157fa7ae,1c4e1934-fdf0-56a8-938c-7c2c04e9fac2,e3b326ae-5bf3-5a94-aaa5-0408c00a651e,2026-05-10,active
47101d30-3d85-5cac-a601-f448d5eb133c,c928179a-f72b-50f2-bd6c-8efebcd2d268,94db99e7-9cc5-5f1d-b3e1-6eee8657395a,2026-04-03,active
8bfcebb5-a8b8-53f5-8198-acbf548314b6,d9bae779-a771-5de7-a713-f7d02913bd5b,88653dfb-9b9b-5903-b0ba-280d082ac566,2026-08-26,active
ecd15682-3a8a-55b8-8fb3-fbea6aa7d5a2,60ccfd44-0502-5fa0-8d27-9cc265f1db31,38a0613d-820e-59da-9ead-6148e07c05b7,2026-07-19,active
476eb0c4-393d-542c-9287-e8dc66c93397,b2f279e6-14b4-5a5c-aadc-0b5ab2dd4e7a,c0b98b92-eee0-5541-8fbe-40f7a3077ad6,2026-06-01,active
15ba9698-39f5-5aa4-bc75-1df96aa0e203,adf43fc2-e637-5500-8a6b-8a40e079d07c,9a997c40-6e32-50f9-860c-11083db0283c,2026-02-08,active
d54fb8f7-30bb-501c-810e-20c4f61d34b8,ea60bf00-905e-5abc-b08e-4c17000dd149,8e5ccb84-fb53-5c1e-ae03-77462b40b168,2025-09-29,active
5f844c60-c8a4-5952-9815-83b409f3ed25,1fab32d7-3f51-5470-b5b9-ea72005a2e68,de27d7d9-8c9c-5155-a9c9-37c174515f4e,2026-03-16,active
7de21464-2d98-52d7-a740-c77b6f97a417,713b8e42-ca09-58c1-9db4-ab4f3f05fc3c,000da401-5c55-5659-aa15-2f671aacb0af,2025-09-05,active
483e9fb2-fef5-5d9d-9d15-8f0bfc5ed89a,434590a6-0601-5b3c-8768-f7537c77519e,b332abed-ecf1-5105-926f-90691b985f1a,2026-07-26,active
0cc3e0a5-2fe9-52e8-b751-c1e17deca534,24c3eae6-21de-5fa7-ad75-775edd1167e0,f4314759-d00a-55f5-8b8f-3527363036cc,2025-10-04,active
14cd4603-0345-58d4-8693-a8820a95d956,f81e0179-c82e-5d0d-82b4-c2bf0fde0a92,733f8e08-7e64-5ce4-bd4b-7c2fd19f512f,2025-12-24,active
8c96fcc8-b64d-51c5-8553-ec6c5768dc77,25c743f6-6b99-5904-8a4a-4b29b700d9e7,2aaf552d-1745-5222-8144-d71bd5f70ca7,2025-12-09,active
e3f41511-70d4-50f4-b7e0-3f051b512f22,15e1ebab-b0bf-514c-8405-61b9a3993057,841bcfd1-0e64-57bc-ba64-6ea24330f2bf,2026-02-20,active
8eed404c-0284-5971-9491-30bfc5cc078c,214dee86-b858-5e86-aad7-d05cc5d8a623,770b1207-0d01-5fd9-9d2b-0c0d2ffad9d3,2025-10-27,active
60edabc3-164e-5b41-a966-dc68237cf59a,c529bf79-90d3-5602-9399-40738335c242,61d93767-d7ee-521d-95c6-0754c90f57d3,2025-11-18,active
17ed0fa0-d1a9-52b9-a765-73c864389b72,48787cb4-04a7-5b80-8148-23b777165705,05474dff-378c-5a0e-a404-511c603326d6,2026-01-18,active
4016485d-c206-5623-bac8-edbec8118ec6,8086f1f4-673d-5987-81b0-8f204dbfd2ab,7b859877-ef8e-5a78-bbaf-fc5084482a45,2026-05-19,active
3adb266f-5d05-5af5-a103-19cecd44fcba,1208ec90-8992-569c-9143-a14b6d5727e9,0d96e977-be2c-5789-8286-3eeb4b930c88,2026-06-25,active
c81f418f-c0a8-57ea-a9b2-9ca236919342,492935f3-f9ee-5d56-b64a-6da8931cf13b,ee7e102d-0b64-5644-a74b-09b96820bc93,2025-10-06,active
d867e4d0-fdaa-5e4a-9905-67a008d0f362,374e0ccd-4366-597f-b5c3-6d60795d3480,b32a7cc6-a909-5f0e-a6fb-02ed67b76cd2,2026-05-02,active
b8845cde-cb93-5b2f-b754-c3c9df295c86,fbcd212e-451d-5600-a271-8fec64b3a9b9,84323f21-f647-5a41-808b-fa4dc0d9e656,2025-11-27,active
0af85e58-9b28-54f6-b337-50669f7d89c6,7a052b5f-cf18-5b63-91b4-4c385d96d71f,19ad6550-d1aa-5908-85c6-f7650e2b90ab,2026-04-25,active
bda4ed29-e941-53a9-b3d7-da7798aa4401,9cea72a7-c63b-5718-8f89-cff81ccad510,4544d574-d698-5672-a569-fe25f9172215,2026-06-14,active
95f4f80d-4437-5e28-ac14-ee546b7a2c43,a0ba4c9a-ca4d-55e7-9662-8b384d306f9a,c5bb2260-aa80-516e-aa4a-2fe1f6eaf1d1,2026-05-20,active
53ea36ad-0f59-5826-8356-08d989ce2deb,dfba0cf4-e584-5bcd-8343-0655db792844,7c74deb2-f910-514d-ac23-b4a7a7070cdf,2026-07-16,active
6359955e-eac3-55db-a756-cbd23a618a00,7c9704d9-8185-57b1-bf6a-de200c4e2109,76c315cb-5185-5530-9dfa-bc9540e797ca,2026-01-13,active
b762c9b2-380e-5d14-bc2d-2ce00c53bc20,dced9f60-36c3-51a3-a4cd-895dfd671dec,104918ab-1469-5f48-ab7f-bca204e67486,2026-03-25,active
884b84ec-c754-5614-836c-0e2902fa18fb,7ff0bab0-c69b-54d0-86a2-99ea2da3e58c,b824f1a2-f6b0-525f-ac58-027f7057e19b,2026-06-09,active
068b5d7a-bf24-59c6-a7eb-1ce50da05b6b,229ec319-00c3-5250-afbc-759d6132ee64,1893853f-90b4-5018-a7fd-bd61bf9f2ee4,2025-12-01,active
545d4198-a463-58d3-a4f9-1498aefaa1c1,e06691ef-a8bb-5f87-8c9e-c3e0b896f324,854291a5-05db-55e6-b0ab-3feb5d452fc0,2025-09-09,active
3387fa9a-c6d8-553d-ba45-8c214b89e16d,c928179a-f72b-50f2-bd6c-8efebcd2d268,ef1b6e73-f031-5894-824a-4ff1e58fc120,2026-04-25,active
10d7988a-f384-58df-82b8-3fa005c25d35,23fca699-b0f6-528a-8efe-52e28bb1b8b0,5ee5bcb6-f69b-5186-9fb9-3aa1b552b4a3,2026-03-03,active
5737cc5b-4aa9-5fa0-9788-076517b24d7f,54684399-5e5a-54ab-a9b2-5e8ff35f0223,604a4e51-c147-5268-8856-f649e96e8de5,2026-07-24,active
d1cfeff4-33ad-50b7-aaf7-8a36337141b1,84b924df-189f-5e64-a8c8-056b56e362d0,72b06f75-9c13-5bec-841f-24114afaaab9,2026-07-07,active
14c9e19d-2732-5f51-a18e-e05f61d0c00c,1c4e1934-fdf0-56a8-938c-7c2c04e9fac2,8df03c6a-f0e9-5c78-8a72-b96b5f7e7b16,2025-09-05,active
992559d6-ce17-57a9-8b5a-2de646c6816b,ea60bf00-905e-5abc-b08e-4c17000dd149,f8d90075-3eef-57df-8330-23687233e1a4,2026-03-19,active
a704af4e-f6dc-5139-84d5-ad0de3759dde,bcf1d1e0-afa3-56df-89af-e879b7a6a0d2,3e9833ae-27e7-5954-985e-5192185af74b,2025-09-05,active
30cedb25-1b74-534a-998a-069694108afa,b21aa617-83df-5e76-b78c-67561698ba56,f450988d-f69d-5b58-9af3-0c584f675d22,2026-07-22,active
a7121954-ae4e-5bed-823e-f2a964d32b9b,1c629fb9-bb65-504f-8efa-b901acda8a1d,97c20157-3ae1-50ba-8232-5fcb5fbe3ac9,2026-06-15,active
e1618dfc-f69f-5b92-8ac3-5a4b0d335b59,adf43fc2-e637-5500-8a6b-8a40e079d07c,98a2cd8f-27f3-54b3-a80a-10e08de1d82c,2025-09-28,active
4365a343-26a1-5ba0-b0b1-a3c15ab8cc00,f81e0179-c82e-5d0d-82b4-c2bf0fde0a92,db830ed2-6d24-5e64-8a87-ea672f8ac04a,2025-09-01,active
e912420d-cd0d-52c6-82a0-5244867be7a1,d9bae779-a771-5de7-a713-f7d02913bd5b,4e810bf7-5af1-592a-82b5-2e47d61a7915,2025-11-20,active
5b570262-c0c5-5bb6-9a73-647a1dc6709a,60ccfd44-0502-5fa0-8d27-9cc265f1db31,b720f7b3-1de3-569d-9baa-325f7e6aaa02,2026-05-19,active
56ab9a47-7f0d-5c88-888e-5a96b294d87a,b2f279e6-14b4-5a5c-aadc-0b5ab2dd4e7a,c306d1d1-d552-5f86-9c19-aa19bcd85559,2026-08-18,active
a533940b-ce02-5239-8f5d-619b33e6aa49,24c3eae6-21de-5fa7-ad75-775edd1167e0,09bafe42-8b3d-575e-9484-7efccddcc10d,2025-09-09,active
42257362-b168-51fb-ab23-bb79b80a9997,48787cb4-04a7-5b80-8148-23b777165705,ff47efd1-8a4b-5f50-99f8-03a2b30b97c3,2025-11-30,active
ea8cc62e-95d9-53bb-a851-4cc2b9894e3c,1fab32d7-3f51-5470-b5b9-ea72005a2e68,1dc44f1a-55d6-5e25-b5ed-116f65034929,2026-08-06,active
8ecd0873-2bc9-568d-8ef3-507158b037aa,713b8e42-ca09-58c1-9db4-ab4f3f05fc3c,427f9d9f-f780-5eff-a8b5-43091838f0f7,2026-07-02,active
a9c30fec-215f-5840-87a0-6480b3fb89cd,434590a6-0601-5b3c-8768-f7537c77519e,8142324f-d48d-5bdb-8f98-c69443f549f2,2026-04-25,active
6a28b92f-30d5-51ab-a224-0c10586062e5,c529bf79-90d3-5602-9399-40738335c242,d9f66c50-00e3-50ee-aba1-3b4fbff20621,2025-10-20,active
38eefe61-f738-586d-a3a9-a207244a6f0d,fbcd212e-451d-5600-a271-8fec64b3a9b9,7a6dd826-3bbe-5069-88f6-a5c8a8e58300,2025-09-22,active
def5b0e2-1e15-592d-ab43-73a4e785fa29,25c743f6-6b99-5904-8a4a-4b29b700d9e7,94dbc777-5f73-54ae-a008-26026528a42a,2026-04-07,active
873e825e-bed9-55fb-a2e8-48b681068c6f,15e1ebab-b0bf-514c-8405-61b9a3993057,9cbcbf81-121b-5b0c-903c-99b4791db0b4,2025-10-13,active
4c9c9ea7-b2d5-56a5-812a-e90c2dfbf3dc,214dee86-b858-5e86-aad7-d05cc5d8a623,ea87ee94-68c2-55ee-8557-984c85c321d5,2026-06-28,active
a520d720-fe8c-5649-9f10-098db1a980ad,374e0ccd-4366-597f-b5c3-6d60795d3480,439a175d-5bda-5628-b38b-616bbe987f8b,2026-06-01,active
9305e228-9bf0-5f57-82d8-33b3038c1d6d,7c9704d9-8185-57b1-bf6a-de200c4e2109,da1b9899-2b18-55df-8363-bdcc9fd96f87,2026-02-11,active
5544273f-4f3e-5a91-bd67-53c3c0d338fc,8086f1f4-673d-5987-81b0-8f204dbfd2ab,5ebc4ac0-b6fd-5394-a3fa-32214fb0d1ed,2026-06-27,active
b1533c58-dc29-5a6b-91b9-c32d0e638f46,1208ec90-8992-569c-9143-a14b6d5727e9,d8a8c25a-83f4-553e-85da-eeb06bc631d5,2025-12-23,active
6f715687-20e7-5254-8b17-f747a4e61b15,492935f3-f9ee-5d56-b64a-6da8931cf13b,56ef6120-c26a-5fa3-bb79-d25bb308fffc,2025-10-24,active
e9fc8275-035b-5aa5-9ce4-53c2165ea12f,dfba0cf4-e584-5bcd-8343-0655db792844,e26e2f93-108c-5aa6-8747-5e6f662730ac,2025-09-13,active
bba7e778-fb94-57fc-b9f0-871043501a97,c928179a-f72b-50f2-bd6c-8efebcd2d268,242e361d-cdf2-546c-a27c-61a39044493c,2026-05-11,active
f2e8629a-55b3-52f7-b509-95c802deea60,7a052b5f-cf18-5b63-91b4-4c385d96d71f,abd2d874-8c3d-55b3-b4ab-abad8c49918f,2025-11-22,active
5b43e5dd-d228-50ce-8966-c99f7115a565,9cea72a7-c63b-5718-8f89-cff81ccad510,658a0dac-8301-5979-8a2d-e6706358d4ec,2026-02-06,active
e633213b-ef32-56ab-b677-057b0b8465dd,a0ba4c9a-ca4d-55e7-9662-8b384d306f9a,ce7b97f5-df91-5236-a502-770b786b89e8,2026-02-25,active
c1bae591-f66b-5c45-a499-2332272ebe00,e06691ef-a8bb-5f87-8c9e-c3e0b896f324,e870a468-733a-59a7-9f6a-e997737766e3,2026-04-24,active
eb358cef-6cf8-5a45-82b3-89333a52cc43,ea60bf00-905e-5abc-b08e-4c17000dd149,e83864e6-07f4-5211-a4b3-2521570d7ea4,2026-03-31,active
bcc713c2-8107-5418-bc33-3595f0ca27cf,dced9f60-36c3-51a3-a4cd-895dfd671dec,998f4b20-a2cd-5811-b852-680e154e3370,2025-09-09,active
2b8a755c-f4b8-5c93-abc6-59388a0af557,7ff0bab0-c69b-54d0-86a2-99ea2da3e58c,9650ad8e-ef6a-5f37-a5e4-f6691a8324fb,2026-03-11,active
bf599a6e-5b64-591e-8dcd-138e42f1e5f9,229ec319-00c3-5250-afbc-759d6132ee64,03958e6b-9d1f-5ee2-ad79-05cb551f2f8b,2025-10-17,active
c2ed6fa6-196c-52bf-8fe8-839660b3c212,1c4e1934-fdf0-56a8-938c-7c2c04e9fac2,76da179c-4d8c-522f-99fc-aa130e0c2abc,2026-07-21,active
95ac4ca1-e8a1-5a9a-a799-53cd46e1d725,f81e0179-c82e-5d0d-82b4-c2bf0fde0a92,3c825b3e-c310-59a5-acd2-7a5d9230cf79,2026-04-09,active
790bfb10-36a7-550f-87ec-34bf2b621570,23fca699-b0f6-528a-8efe-52e28bb1b8b0,b788ae1f-d5be-5ee9-b9cb-a14e4df00051,2026-05-29,active
f2ef2b3f-b411-5d92-a413-f8a4ebc335ac,54684399-5e5a-54ab-a9b2-5e8ff35f0223,732c336e-8d4f-502a-bafe-f1a5f1aa1cd0,2025-10-10,active
5af4e311-4bce-5ba2-850e-c0103e8530e7,84b924df-189f-5e64-a8c8-056b56e362d0,8371403f-f987-56ac-973a-2b21e4d9d0cd,2026-08-22,active
2c9cc8c3-f603-57d5-801e-5129ef9de9a9,adf43fc2-e637-5500-8a6b-8a40e079d07c,b55982ed-6be9-50e1-a716-216dc3b80a85,2026-08-11,active
bc1a4af4-3e18-5c66-95c8-3e9d66af5015,48787cb4-04a7-5b80-8148-23b777165705,cf28a9f3-761a-5467-972a-6b74f4c284f4,2026-07-29,active
d8a441d2-63f0-5066-926d-a9312042fc92,bcf1d1e0-afa3-56df-89af-e879b7a6a0d2,efc30d35-191c-5323-9f6e-85fb10804386,2025-11-02,active
e37c864c-bbf7-5be7-b6c8-8550f4c86fc4,b21aa617-83df-5e76-b78c-67561698ba56,dfd8191b-b887-5fbd-82b6-28453104ddd5,2026-02-06,active
